execution_id,model,time_model_python
a7f944dd-8d8e-467d-a638-9fa1928b121b,Polyfit,5
8e8dc090-33a6-44b0-aab8-8333c5ff3f31,CrossCorrelation,2
3e1ca587-c617-4792-aabb-8933277446f1,Multireg,10
fa181fd8-b995-4043-b1d5-e4d7fca8dacc,Multireg,9
fa181fd8-b995-4043-b1d5-e4d7fca8dacc,Polyfit,5
1a6aeaf1-aa20-41ac-b6ba-7ce32e2e66a7,Polyfit,5
1a6aeaf1-aa20-41ac-b6ba-7ce32e2e66a7,CrossCorrelation,2
1a6aeaf1-aa20-41ac-b6ba-7ce32e2e66a7,Multireg,9
b03168c8-e48d-4792-b2b9-d2020fa5abbf,Polyfit,8
b03168c8-e48d-4792-b2b9-d2020fa5abbf,CrossCorrelation,2
b03168c8-e48d-4792-b2b9-d2020fa5abbf,Multireg,9
09f47102-bc1c-4a36-a0de-7a2b2def4358,Polyfit,12
09f47102-bc1c-4a36-a0de-7a2b2def4358,CrossCorrelation,2
09f47102-bc1c-4a36-a0de-7a2b2def4358,Multireg,9
70c6bccf-061d-4abc-9937-6a68e86a5298,Polyfit,13
70c6bccf-061d-4abc-9937-6a68e86a5298,CrossCorrelation,2
70c6bccf-061d-4abc-9937-6a68e86a5298,Multireg,9
b93d2ca4-99e8-4120-8065-891d4c79b141,Polyfit,13
b93d2ca4-99e8-4120-8065-891d4c79b141,CrossCorrelation,2
b93d2ca4-99e8-4120-8065-891d4c79b141,Multireg,9
e5fa7ce4-7b0b-4061-8db0-d4e6ac80874d,Polyfit,21
e5fa7ce4-7b0b-4061-8db0-d4e6ac80874d,CrossCorrelation,4
e5fa7ce4-7b0b-4061-8db0-d4e6ac80874d,Multireg,12
d036eb12-4ff7-431f-a439-40469986664f,Polyfit,24
d036eb12-4ff7-431f-a439-40469986664f,CrossCorrelation,4
d036eb12-4ff7-431f-a439-40469986664f,Multireg,15
aa0e4393-673a-45bb-bc4c-7a71260fb884,Polyfit,25
aa0e4393-673a-45bb-bc4c-7a71260fb884,CrossCorrelation,4
aa0e4393-673a-45bb-bc4c-7a71260fb884,Multireg,16
2d9edbc7-fd8d-452e-b667-cfe5a62a2c27,Polyfit,27
2d9edbc7-fd8d-452e-b667-cfe5a62a2c27,CrossCorrelation,5
2d9edbc7-fd8d-452e-b667-cfe5a62a2c27,Multireg,16
24a48ad6-de35-4aa4-8278-890cd6e91d8d,Polyfit,82
24a48ad6-de35-4aa4-8278-890cd6e91d8d,CrossCorrelation,15
24a48ad6-de35-4aa4-8278-890cd6e91d8d,Multireg,32
16aa42a7-b5ee-432d-aaec-95d7d6374f99,Polyfit,92
16aa42a7-b5ee-432d-aaec-95d7d6374f99,CrossCorrelation,17
16aa42a7-b5ee-432d-aaec-95d7d6374f99,Multireg,35
87870ac8-987f-4147-9aea-56d5609579e0,Polyfit,5
87870ac8-987f-4147-9aea-56d5609579e0,CrossCorrelation,2
87870ac8-987f-4147-9aea-56d5609579e0,Multireg,9
f1aa5a53-5413-4bc9-95b1-2b8fa7975782,Polyfit,8
f1aa5a53-5413-4bc9-95b1-2b8fa7975782,CrossCorrelation,2
f1aa5a53-5413-4bc9-95b1-2b8fa7975782,Multireg,9
27781f2b-fb4d-4567-9d3a-f2a9092fd713,Polyfit,12
27781f2b-fb4d-4567-9d3a-f2a9092fd713,CrossCorrelation,2
27781f2b-fb4d-4567-9d3a-f2a9092fd713,Multireg,9
9b7357a6-2520-4455-bb51-3c9a403f2da2,Polyfit,12
9b7357a6-2520-4455-bb51-3c9a403f2da2,CrossCorrelation,2
9b7357a6-2520-4455-bb51-3c9a403f2da2,Multireg,9
082b2f48-d866-4954-bf47-37e14e374181,Polyfit,13
082b2f48-d866-4954-bf47-37e14e374181,CrossCorrelation,2
082b2f48-d866-4954-bf47-37e14e374181,Multireg,9
42b1f0cd-8246-487c-832b-653a3076f469,Polyfit,23
42b1f0cd-8246-487c-832b-653a3076f469,CrossCorrelation,5
42b1f0cd-8246-487c-832b-653a3076f469,Multireg,14
13f80074-3c57-466d-9965-6287823b3428,Polyfit,24
13f80074-3c57-466d-9965-6287823b3428,CrossCorrelation,4
13f80074-3c57-466d-9965-6287823b3428,Multireg,15
c854b3e9-9649-4cdc-8625-e0cac7a12d9b,Polyfit,26
c854b3e9-9649-4cdc-8625-e0cac7a12d9b,CrossCorrelation,4
c854b3e9-9649-4cdc-8625-e0cac7a12d9b,Multireg,16
0f0dbc6e-f1d1-46cc-b405-0229a14c20fe,Polyfit,27
0f0dbc6e-f1d1-46cc-b405-0229a14c20fe,CrossCorrelation,5
0f0dbc6e-f1d1-46cc-b405-0229a14c20fe,Multireg,24
d7c27aa2-5932-4111-a033-52b967af5264,Polyfit,76
d7c27aa2-5932-4111-a033-52b967af5264,CrossCorrelation,15
d7c27aa2-5932-4111-a033-52b967af5264,Multireg,32
53550e13-bef1-49c3-9664-2d1c96a76135,Polyfit,87
53550e13-bef1-49c3-9664-2d1c96a76135,CrossCorrelation,17
53550e13-bef1-49c3-9664-2d1c96a76135,Multireg,35
979f74ed-2912-4731-a4bc-30996419ee65,Polyfit,5
979f74ed-2912-4731-a4bc-30996419ee65,CrossCorrelation,2
979f74ed-2912-4731-a4bc-30996419ee65,Multireg,9
3d1c2123-66f7-4498-a932-80d5ca4c085b,Polyfit,8
3d1c2123-66f7-4498-a932-80d5ca4c085b,CrossCorrelation,2
3d1c2123-66f7-4498-a932-80d5ca4c085b,Multireg,9
c6ff1b21-f6b4-42e7-a8a6-d8d81c4d1264,Polyfit,12
c6ff1b21-f6b4-42e7-a8a6-d8d81c4d1264,CrossCorrelation,2
c6ff1b21-f6b4-42e7-a8a6-d8d81c4d1264,Multireg,9
062d365b-7c7e-4c03-b8c5-426b9a0d3d15,Polyfit,12
062d365b-7c7e-4c03-b8c5-426b9a0d3d15,CrossCorrelation,2
062d365b-7c7e-4c03-b8c5-426b9a0d3d15,Multireg,9
ed0bf38e-3c56-44b1-bd7c-186709f2e8d6,Polyfit,13
ed0bf38e-3c56-44b1-bd7c-186709f2e8d6,CrossCorrelation,2
ed0bf38e-3c56-44b1-bd7c-186709f2e8d6,Multireg,9
4989f4a9-1f6b-4606-9b02-2a144090ffd5,Polyfit,23
4989f4a9-1f6b-4606-9b02-2a144090ffd5,CrossCorrelation,4
4989f4a9-1f6b-4606-9b02-2a144090ffd5,Multireg,12
7f810b43-6427-4e82-a0b3-7363a4935274,Polyfit,24
7f810b43-6427-4e82-a0b3-7363a4935274,CrossCorrelation,4
7f810b43-6427-4e82-a0b3-7363a4935274,Multireg,15
cea307e1-6dfc-41d0-bb1a-8028bfe7d632,Polyfit,26
cea307e1-6dfc-41d0-bb1a-8028bfe7d632,CrossCorrelation,4
cea307e1-6dfc-41d0-bb1a-8028bfe7d632,Multireg,16
6bd8c639-d6f2-4d70-9658-1c2dfc45ea30,Polyfit,31
6bd8c639-d6f2-4d70-9658-1c2dfc45ea30,CrossCorrelation,6
6bd8c639-d6f2-4d70-9658-1c2dfc45ea30,Multireg,22
1c0d7293-5bb6-4d3a-8fe8-75913ab6abef,Polyfit,78
1c0d7293-5bb6-4d3a-8fe8-75913ab6abef,CrossCorrelation,15
1c0d7293-5bb6-4d3a-8fe8-75913ab6abef,Multireg,32
cf36f195-5df5-4e3d-a440-7b3716357f93,Polyfit,86
cf36f195-5df5-4e3d-a440-7b3716357f93,CrossCorrelation,16
cf36f195-5df5-4e3d-a440-7b3716357f93,Multireg,34
df09453b-f72f-4f6c-ad12-803ec7ce1c7d,Polyfit,5
df09453b-f72f-4f6c-ad12-803ec7ce1c7d,CrossCorrelation,2
df09453b-f72f-4f6c-ad12-803ec7ce1c7d,Multireg,9
248f918e-f16b-454a-b608-3dfd57afd328,Polyfit,8
248f918e-f16b-454a-b608-3dfd57afd328,CrossCorrelation,2
248f918e-f16b-454a-b608-3dfd57afd328,Multireg,11
6b89b333-6923-489a-918e-66d70f335454,Polyfit,12
6b89b333-6923-489a-918e-66d70f335454,CrossCorrelation,2
6b89b333-6923-489a-918e-66d70f335454,Multireg,9
fcf03294-f26c-4214-a6fb-06309d30b618,Polyfit,12
fcf03294-f26c-4214-a6fb-06309d30b618,CrossCorrelation,2
fcf03294-f26c-4214-a6fb-06309d30b618,Multireg,9
24b97bab-f056-427a-bd95-08bf3b475c16,Polyfit,13
24b97bab-f056-427a-bd95-08bf3b475c16,CrossCorrelation,2
24b97bab-f056-427a-bd95-08bf3b475c16,Multireg,9
1a70f158-1fbe-4037-a612-243543cd5939,Polyfit,24
1a70f158-1fbe-4037-a612-243543cd5939,CrossCorrelation,5
1a70f158-1fbe-4037-a612-243543cd5939,Multireg,15
1025f8d5-a5c8-4893-bed7-bd74603617c8,Polyfit,28
1025f8d5-a5c8-4893-bed7-bd74603617c8,CrossCorrelation,4
1025f8d5-a5c8-4893-bed7-bd74603617c8,Multireg,21
c7403b88-892c-4c6a-bcc2-d311483781fd,Polyfit,26
c7403b88-892c-4c6a-bcc2-d311483781fd,CrossCorrelation,4
c7403b88-892c-4c6a-bcc2-d311483781fd,Multireg,16
689380f7-132d-4380-aa5a-75714595b02c,Polyfit,27
689380f7-132d-4380-aa5a-75714595b02c,CrossCorrelation,5
689380f7-132d-4380-aa5a-75714595b02c,Multireg,16
2ce218ef-1f47-4f9b-b9c0-7a93bd190879,Polyfit,76
2ce218ef-1f47-4f9b-b9c0-7a93bd190879,CrossCorrelation,15
2ce218ef-1f47-4f9b-b9c0-7a93bd190879,Multireg,31
7fd9a8e7-4b67-44d3-af28-cbe17d1e5525,Polyfit,86
7fd9a8e7-4b67-44d3-af28-cbe17d1e5525,CrossCorrelation,17
7fd9a8e7-4b67-44d3-af28-cbe17d1e5525,Multireg,35
1cefb233-7191-4ae6-ba45-f828b7b54c45,Polyfit,5
1cefb233-7191-4ae6-ba45-f828b7b54c45,CrossCorrelation,2
1cefb233-7191-4ae6-ba45-f828b7b54c45,Multireg,9
a011a899-7658-4666-ab54-c2528ca0b7a3,Polyfit,8
a011a899-7658-4666-ab54-c2528ca0b7a3,CrossCorrelation,2
a011a899-7658-4666-ab54-c2528ca0b7a3,Multireg,9
d04cb5c2-1fcd-4707-a774-4398ac5ba4b9,Polyfit,12
d04cb5c2-1fcd-4707-a774-4398ac5ba4b9,CrossCorrelation,2
d04cb5c2-1fcd-4707-a774-4398ac5ba4b9,Multireg,9
7e59428a-ffa0-426f-8e7f-7467a4bcf04e,Polyfit,12
7e59428a-ffa0-426f-8e7f-7467a4bcf04e,CrossCorrelation,2
7e59428a-ffa0-426f-8e7f-7467a4bcf04e,Multireg,9
d83b171a-1e2e-42dc-afa2-7f452fa53930,Polyfit,13
d83b171a-1e2e-42dc-afa2-7f452fa53930,CrossCorrelation,2
d83b171a-1e2e-42dc-afa2-7f452fa53930,Multireg,9
9b655e7c-b016-4f1c-8e57-4fea2de9ee87,Polyfit,21
9b655e7c-b016-4f1c-8e57-4fea2de9ee87,CrossCorrelation,4
9b655e7c-b016-4f1c-8e57-4fea2de9ee87,Multireg,11
ced8f065-951a-4134-8614-c9741fee90dd,Polyfit,24
ced8f065-951a-4134-8614-c9741fee90dd,CrossCorrelation,4
ced8f065-951a-4134-8614-c9741fee90dd,Multireg,15
9ef44306-4377-43fd-8715-7de91daea720,Polyfit,31
9ef44306-4377-43fd-8715-7de91daea720,CrossCorrelation,6
9ef44306-4377-43fd-8715-7de91daea720,Multireg,16
7ef5ad5e-23be-4977-8031-cd61d1761cf1,Polyfit,27
7ef5ad5e-23be-4977-8031-cd61d1761cf1,CrossCorrelation,5
7ef5ad5e-23be-4977-8031-cd61d1761cf1,Multireg,16
569600e7-a16c-4f51-9c49-d724999ea4e0,Polyfit,84
569600e7-a16c-4f51-9c49-d724999ea4e0,CrossCorrelation,15
569600e7-a16c-4f51-9c49-d724999ea4e0,Multireg,32
67da6c96-69b2-4145-8bca-791e5da8aad8,Polyfit,87
67da6c96-69b2-4145-8bca-791e5da8aad8,CrossCorrelation,17
67da6c96-69b2-4145-8bca-791e5da8aad8,Multireg,35
6e2b38ba-21e1-434b-941b-b8a7b1c36982,Polyfit,5
6e2b38ba-21e1-434b-941b-b8a7b1c36982,CrossCorrelation,2
6e2b38ba-21e1-434b-941b-b8a7b1c36982,Multireg,9
27345185-f963-43ed-9eeb-f086c4c58a32,Polyfit,8
27345185-f963-43ed-9eeb-f086c4c58a32,CrossCorrelation,2
27345185-f963-43ed-9eeb-f086c4c58a32,Multireg,9
d3fffb78-abf3-431d-87d0-b1d672b59e9d,Polyfit,12
d3fffb78-abf3-431d-87d0-b1d672b59e9d,CrossCorrelation,2
d3fffb78-abf3-431d-87d0-b1d672b59e9d,Multireg,9
83a5b707-4ae8-478f-8487-4304cc3a6e3e,Polyfit,12
83a5b707-4ae8-478f-8487-4304cc3a6e3e,CrossCorrelation,2
83a5b707-4ae8-478f-8487-4304cc3a6e3e,Multireg,9
9ed36113-acd3-4b71-8297-865e07a3e082,Polyfit,13
9ed36113-acd3-4b71-8297-865e07a3e082,CrossCorrelation,2
9ed36113-acd3-4b71-8297-865e07a3e082,Multireg,9
679d2a10-a484-4ce9-b42b-fb7a44d9b9e9,Polyfit,24
679d2a10-a484-4ce9-b42b-fb7a44d9b9e9,CrossCorrelation,5
679d2a10-a484-4ce9-b42b-fb7a44d9b9e9,Multireg,17
afd18537-eeab-4127-b5f5-4e78f2287bd0,Polyfit,25
afd18537-eeab-4127-b5f5-4e78f2287bd0,CrossCorrelation,4
afd18537-eeab-4127-b5f5-4e78f2287bd0,Multireg,15
f52fa4f5-1ffb-4875-84b2-46cb93a3ce6f,Polyfit,26
f52fa4f5-1ffb-4875-84b2-46cb93a3ce6f,CrossCorrelation,5
f52fa4f5-1ffb-4875-84b2-46cb93a3ce6f,Multireg,23
3ba85a99-407c-4150-8b96-8bc92a7b5393,Polyfit,27
3ba85a99-407c-4150-8b96-8bc92a7b5393,CrossCorrelation,5
3ba85a99-407c-4150-8b96-8bc92a7b5393,Multireg,16
654805b2-f79a-4fb3-99ee-8b8f192174c1,Polyfit,76
654805b2-f79a-4fb3-99ee-8b8f192174c1,CrossCorrelation,15
654805b2-f79a-4fb3-99ee-8b8f192174c1,Multireg,32
e6f1d49b-ec6c-4a75-8c58-471f36967d86,Polyfit,86
e6f1d49b-ec6c-4a75-8c58-471f36967d86,CrossCorrelation,17
e6f1d49b-ec6c-4a75-8c58-471f36967d86,Multireg,34
3840788b-eec7-48f1-a6eb-cd99ed32f37f,Polyfit,5
3840788b-eec7-48f1-a6eb-cd99ed32f37f,CrossCorrelation,2
3840788b-eec7-48f1-a6eb-cd99ed32f37f,Multireg,9
e43c1bb3-da63-414e-9121-e86b405c109a,Polyfit,8
e43c1bb3-da63-414e-9121-e86b405c109a,CrossCorrelation,2
e43c1bb3-da63-414e-9121-e86b405c109a,Multireg,9
73e24919-88b2-4fc3-8433-eafc5614d10f,Polyfit,12
73e24919-88b2-4fc3-8433-eafc5614d10f,CrossCorrelation,2
73e24919-88b2-4fc3-8433-eafc5614d10f,Multireg,9
7696ad6d-795e-4b7c-9c49-f21eed3c1a2f,Polyfit,13
7696ad6d-795e-4b7c-9c49-f21eed3c1a2f,CrossCorrelation,2
7696ad6d-795e-4b7c-9c49-f21eed3c1a2f,Multireg,9
355320a1-4c28-4ae9-8033-9dfd1ebbca15,Polyfit,13
355320a1-4c28-4ae9-8033-9dfd1ebbca15,CrossCorrelation,2
355320a1-4c28-4ae9-8033-9dfd1ebbca15,Multireg,9
8b862c03-362c-465c-903f-794dfa348b8d,Polyfit,20
8b862c03-362c-465c-903f-794dfa348b8d,CrossCorrelation,4
8b862c03-362c-465c-903f-794dfa348b8d,Multireg,12
ca1478f0-b4f5-485c-bc69-64cf2c5704c5,Polyfit,24
ca1478f0-b4f5-485c-bc69-64cf2c5704c5,CrossCorrelation,4
ca1478f0-b4f5-485c-bc69-64cf2c5704c5,Multireg,15
52b0fdc1-7932-44c6-a40b-b17508af65b3,Polyfit,26
52b0fdc1-7932-44c6-a40b-b17508af65b3,CrossCorrelation,4
52b0fdc1-7932-44c6-a40b-b17508af65b3,Multireg,16
9202bbde-8163-42c0-9fad-f027e4285a89,Polyfit,28
9202bbde-8163-42c0-9fad-f027e4285a89,CrossCorrelation,5
9202bbde-8163-42c0-9fad-f027e4285a89,Multireg,16
060be6a0-b01b-41df-9a83-c705c6f1c964,Polyfit,85
060be6a0-b01b-41df-9a83-c705c6f1c964,CrossCorrelation,15
060be6a0-b01b-41df-9a83-c705c6f1c964,Multireg,32
66048c1e-d100-44fe-85c7-c4e922db5677,Polyfit,83
66048c1e-d100-44fe-85c7-c4e922db5677,CrossCorrelation,17
66048c1e-d100-44fe-85c7-c4e922db5677,Multireg,33
ae973a51-7d40-4cf7-94a7-adf830ba7d88,Polyfit,5
ae973a51-7d40-4cf7-94a7-adf830ba7d88,CrossCorrelation,2
ae973a51-7d40-4cf7-94a7-adf830ba7d88,Multireg,9
48f9c161-1fa4-4052-9895-c5fc1d00e7f6,Polyfit,8
48f9c161-1fa4-4052-9895-c5fc1d00e7f6,CrossCorrelation,2
48f9c161-1fa4-4052-9895-c5fc1d00e7f6,Multireg,9
9503909a-ccb1-475a-8dc1-ac22a3574bf8,Polyfit,12
9503909a-ccb1-475a-8dc1-ac22a3574bf8,CrossCorrelation,2
9503909a-ccb1-475a-8dc1-ac22a3574bf8,Multireg,9
291fea36-7a2e-4ce1-b994-fd4fb53067cd,Polyfit,12
291fea36-7a2e-4ce1-b994-fd4fb53067cd,CrossCorrelation,2
291fea36-7a2e-4ce1-b994-fd4fb53067cd,Multireg,9
66f5e58c-55d5-40dd-a22e-32f9f952cbcf,Polyfit,12
66f5e58c-55d5-40dd-a22e-32f9f952cbcf,CrossCorrelation,2
66f5e58c-55d5-40dd-a22e-32f9f952cbcf,Multireg,9
5e1c11af-1539-4a92-b83c-95b5bf1f3784,Polyfit,21
5e1c11af-1539-4a92-b83c-95b5bf1f3784,CrossCorrelation,4
5e1c11af-1539-4a92-b83c-95b5bf1f3784,Multireg,11
95e53a50-b641-46e6-9389-f4140d4be91e,Polyfit,24
95e53a50-b641-46e6-9389-f4140d4be91e,CrossCorrelation,6
95e53a50-b641-46e6-9389-f4140d4be91e,Multireg,21
64a463e4-3eec-409a-970e-40794a1c2cfd,Polyfit,26
64a463e4-3eec-409a-970e-40794a1c2cfd,CrossCorrelation,6
64a463e4-3eec-409a-970e-40794a1c2cfd,Multireg,16
800089a3-0a3f-437e-ae93-8298d0d7a073,Polyfit,31
800089a3-0a3f-437e-ae93-8298d0d7a073,CrossCorrelation,6
800089a3-0a3f-437e-ae93-8298d0d7a073,Multireg,22
d7a5196a-b793-477a-9e50-f7cb447c2f88,Polyfit,76
d7a5196a-b793-477a-9e50-f7cb447c2f88,CrossCorrelation,15
d7a5196a-b793-477a-9e50-f7cb447c2f88,Multireg,32
27bed92a-886a-4ec7-b346-2dc5046b4b22,Polyfit,86
27bed92a-886a-4ec7-b346-2dc5046b4b22,CrossCorrelation,17
27bed92a-886a-4ec7-b346-2dc5046b4b22,Multireg,33
b565762a-8128-4232-aab7-0c06835bdbdd,Polyfit,5
b565762a-8128-4232-aab7-0c06835bdbdd,CrossCorrelation,2
b565762a-8128-4232-aab7-0c06835bdbdd,Multireg,9
3fea83c5-1ce9-41ba-a3fb-6ef99eea23a7,Polyfit,8
3fea83c5-1ce9-41ba-a3fb-6ef99eea23a7,CrossCorrelation,2
3fea83c5-1ce9-41ba-a3fb-6ef99eea23a7,Multireg,9
13c54683-847f-4c52-96d6-7d6553e97a3f,Polyfit,12
13c54683-847f-4c52-96d6-7d6553e97a3f,CrossCorrelation,2
13c54683-847f-4c52-96d6-7d6553e97a3f,Multireg,9
b3b53b90-6332-4b0d-8fea-3837459e197e,Polyfit,13
b3b53b90-6332-4b0d-8fea-3837459e197e,CrossCorrelation,2
b3b53b90-6332-4b0d-8fea-3837459e197e,Multireg,9
a16eed23-c0cf-4c78-9267-d49be802e6ba,Polyfit,13
a16eed23-c0cf-4c78-9267-d49be802e6ba,CrossCorrelation,2
a16eed23-c0cf-4c78-9267-d49be802e6ba,Multireg,9
a28d8ef2-7daa-4ef3-8888-c5ed8150f271,Polyfit,21
a28d8ef2-7daa-4ef3-8888-c5ed8150f271,CrossCorrelation,4
a28d8ef2-7daa-4ef3-8888-c5ed8150f271,Multireg,12
6878a1c3-cbcf-465a-b452-856475b00084,Polyfit,25
6878a1c3-cbcf-465a-b452-856475b00084,CrossCorrelation,4
6878a1c3-cbcf-465a-b452-856475b00084,Multireg,15
9ecc9617-b49f-4931-9cee-6c3eac006f94,Polyfit,25
9ecc9617-b49f-4931-9cee-6c3eac006f94,CrossCorrelation,4
9ecc9617-b49f-4931-9cee-6c3eac006f94,Multireg,16
0c21f213-6867-430a-9eb4-3e66d2e8d6c5,Polyfit,26
0c21f213-6867-430a-9eb4-3e66d2e8d6c5,CrossCorrelation,5
0c21f213-6867-430a-9eb4-3e66d2e8d6c5,Multireg,16
c5173dfa-ad42-4131-85e2-1915ef38c998,Polyfit,73
c5173dfa-ad42-4131-85e2-1915ef38c998,CrossCorrelation,15
c5173dfa-ad42-4131-85e2-1915ef38c998,Multireg,32
fdbdb64b-b3f3-4ed4-aa37-7b85ae71c266,Polyfit,90
fdbdb64b-b3f3-4ed4-aa37-7b85ae71c266,CrossCorrelation,17
fdbdb64b-b3f3-4ed4-aa37-7b85ae71c266,Multireg,45
70884178-f81e-4bfe-96d1-2687c6d953fe,Polyfit,5
70884178-f81e-4bfe-96d1-2687c6d953fe,CrossCorrelation,2
70884178-f81e-4bfe-96d1-2687c6d953fe,Multireg,9
0dfd1747-eb32-495b-9c0a-8320a57b422e,Polyfit,8
0dfd1747-eb32-495b-9c0a-8320a57b422e,CrossCorrelation,2
0dfd1747-eb32-495b-9c0a-8320a57b422e,Multireg,9
e0306eeb-dbe6-46b0-ad3c-910936e7977c,Polyfit,12
e0306eeb-dbe6-46b0-ad3c-910936e7977c,CrossCorrelation,2
e0306eeb-dbe6-46b0-ad3c-910936e7977c,Multireg,9
b3ad5b56-7b95-4c9b-8d8f-23a04b0d9751,Polyfit,12
b3ad5b56-7b95-4c9b-8d8f-23a04b0d9751,CrossCorrelation,2
b3ad5b56-7b95-4c9b-8d8f-23a04b0d9751,Multireg,9
135692b4-b32a-4dfb-af39-d5cf8f249f6e,Polyfit,12
135692b4-b32a-4dfb-af39-d5cf8f249f6e,CrossCorrelation,2
135692b4-b32a-4dfb-af39-d5cf8f249f6e,Multireg,9
c09f6d51-058d-4b10-87a0-1e232726cf79,Polyfit,21
c09f6d51-058d-4b10-87a0-1e232726cf79,CrossCorrelation,4
c09f6d51-058d-4b10-87a0-1e232726cf79,Multireg,11
5671f04d-fbab-4247-9842-9ccc6fcbf9bd,Polyfit,24
5671f04d-fbab-4247-9842-9ccc6fcbf9bd,CrossCorrelation,4
5671f04d-fbab-4247-9842-9ccc6fcbf9bd,Multireg,15
749f08f0-86e0-4a0f-898c-513de1d8415f,Polyfit,25
749f08f0-86e0-4a0f-898c-513de1d8415f,CrossCorrelation,4
749f08f0-86e0-4a0f-898c-513de1d8415f,Multireg,16
29fef392-e966-422c-bfd8-f14c244064f8,Polyfit,27
29fef392-e966-422c-bfd8-f14c244064f8,CrossCorrelation,5
29fef392-e966-422c-bfd8-f14c244064f8,Multireg,16
ca202aee-251c-4009-a5b2-82a115d111bf,Polyfit,77
ca202aee-251c-4009-a5b2-82a115d111bf,CrossCorrelation,15
ca202aee-251c-4009-a5b2-82a115d111bf,Multireg,32
f6a340d1-54fe-41e8-81f9-e62c2c4d8f92,Polyfit,100
f6a340d1-54fe-41e8-81f9-e62c2c4d8f92,CrossCorrelation,17
f6a340d1-54fe-41e8-81f9-e62c2c4d8f92,Multireg,34
72d27376-1c0f-4e67-9e3e-f1365fa65249,Polyfit,5
72d27376-1c0f-4e67-9e3e-f1365fa65249,CrossCorrelation,2
72d27376-1c0f-4e67-9e3e-f1365fa65249,Multireg,9
2ade4b33-3d8b-4564-9520-42309de1c5c7,Polyfit,29
2ade4b33-3d8b-4564-9520-42309de1c5c7,CrossCorrelation,4
2ade4b33-3d8b-4564-9520-42309de1c5c7,Multireg,17
523f402e-f876-4ee9-984c-e80496d3f335,Polyfit,6
523f402e-f876-4ee9-984c-e80496d3f335,CrossCorrelation,1
523f402e-f876-4ee9-984c-e80496d3f335,Multireg,3
715b718c-14f2-4e08-bdcd-439f430a6480,Polyfit,5
04efd362-d5a2-4092-8fef-12a68e09db1b,CrossCorrelation,2
5224b1e7-16c3-43c8-84d4-7f418d3f17bb,Multireg,9
dbe3eca1-13bb-4685-ba52-0289f98a4d6f,Multireg,9
dbe3eca1-13bb-4685-ba52-0289f98a4d6f,Polyfit,5
367bd659-67d6-42f6-817d-b814d416f6bb,Polyfit,5
367bd659-67d6-42f6-817d-b814d416f6bb,CrossCorrelation,2
367bd659-67d6-42f6-817d-b814d416f6bb,Multireg,9
942a560d-7b07-488f-8e66-3fdd0fe44980,Polyfit,8
942a560d-7b07-488f-8e66-3fdd0fe44980,CrossCorrelation,2
942a560d-7b07-488f-8e66-3fdd0fe44980,Multireg,9
05bd16b3-8e03-4a21-b561-1881f9d616af,Polyfit,12
05bd16b3-8e03-4a21-b561-1881f9d616af,CrossCorrelation,3
05bd16b3-8e03-4a21-b561-1881f9d616af,Multireg,16
f937f25c-747a-44d6-8b76-c653d34e4ade,Polyfit,12
f937f25c-747a-44d6-8b76-c653d34e4ade,CrossCorrelation,2
f937f25c-747a-44d6-8b76-c653d34e4ade,Multireg,9
d2d0b467-cdb7-4336-87ae-c55949e8291b,Polyfit,13
d2d0b467-cdb7-4336-87ae-c55949e8291b,CrossCorrelation,2
d2d0b467-cdb7-4336-87ae-c55949e8291b,Multireg,9
b737d574-e627-4618-8baf-14f550db0a58,Polyfit,22
b737d574-e627-4618-8baf-14f550db0a58,CrossCorrelation,4
b737d574-e627-4618-8baf-14f550db0a58,Multireg,11
e00aef28-996f-4847-b1e0-92475d37689b,Polyfit,25
e00aef28-996f-4847-b1e0-92475d37689b,CrossCorrelation,4
e00aef28-996f-4847-b1e0-92475d37689b,Multireg,15
fb4b37dc-f0be-47b8-a804-257bf532ee2a,Polyfit,24
fb4b37dc-f0be-47b8-a804-257bf532ee2a,CrossCorrelation,4
fb4b37dc-f0be-47b8-a804-257bf532ee2a,Multireg,15
349c4569-a51f-4b0f-af10-b74e41be2244,Polyfit,28
349c4569-a51f-4b0f-af10-b74e41be2244,CrossCorrelation,5
349c4569-a51f-4b0f-af10-b74e41be2244,Multireg,16
41e0086c-fd49-4aed-8db8-0a2c64e72670,Polyfit,79
41e0086c-fd49-4aed-8db8-0a2c64e72670,CrossCorrelation,15
41e0086c-fd49-4aed-8db8-0a2c64e72670,Multireg,32
50d00ef1-282b-496d-99c4-14fb4303a069,Polyfit,87
50d00ef1-282b-496d-99c4-14fb4303a069,CrossCorrelation,17
50d00ef1-282b-496d-99c4-14fb4303a069,Multireg,35
bc7b36af-6c9a-4bcc-8f5c-ed419e0c9ee2,Polyfit,5
bc7b36af-6c9a-4bcc-8f5c-ed419e0c9ee2,CrossCorrelation,2
bc7b36af-6c9a-4bcc-8f5c-ed419e0c9ee2,Multireg,9
caa456a1-a71d-41cd-8417-f3c72a05ac09,Polyfit,8
caa456a1-a71d-41cd-8417-f3c72a05ac09,CrossCorrelation,2
caa456a1-a71d-41cd-8417-f3c72a05ac09,Multireg,9
fc95edb0-accd-4d9f-8fa5-f4cb747e9eb7,Polyfit,12
fc95edb0-accd-4d9f-8fa5-f4cb747e9eb7,CrossCorrelation,2
fc95edb0-accd-4d9f-8fa5-f4cb747e9eb7,Multireg,9
68c7b97b-dced-4be3-928d-2c9f68437e86,Polyfit,12
68c7b97b-dced-4be3-928d-2c9f68437e86,CrossCorrelation,2
68c7b97b-dced-4be3-928d-2c9f68437e86,Multireg,9
1285653d-22f7-4399-b113-c074e79871cb,Polyfit,13
1285653d-22f7-4399-b113-c074e79871cb,CrossCorrelation,2
1285653d-22f7-4399-b113-c074e79871cb,Multireg,9
e57fc74c-c873-40a4-a0dd-395665438292,Polyfit,24
e57fc74c-c873-40a4-a0dd-395665438292,CrossCorrelation,5
e57fc74c-c873-40a4-a0dd-395665438292,Multireg,15
3ac854d7-8dbd-47ce-a275-5c6d0581b109,Polyfit,24
3ac854d7-8dbd-47ce-a275-5c6d0581b109,CrossCorrelation,4
3ac854d7-8dbd-47ce-a275-5c6d0581b109,Multireg,15
2142887f-cde0-48fd-a59c-442fdc5217b6,Polyfit,25
2142887f-cde0-48fd-a59c-442fdc5217b6,CrossCorrelation,4
2142887f-cde0-48fd-a59c-442fdc5217b6,Multireg,16
cd277c89-afa8-40a0-b8ec-22479e362fa7,Polyfit,31
cd277c89-afa8-40a0-b8ec-22479e362fa7,CrossCorrelation,6
cd277c89-afa8-40a0-b8ec-22479e362fa7,Multireg,23
d8d3730c-51ff-40d5-8d19-c40ba67ee3d7,Polyfit,81
d8d3730c-51ff-40d5-8d19-c40ba67ee3d7,CrossCorrelation,15
d8d3730c-51ff-40d5-8d19-c40ba67ee3d7,Multireg,32
98bfd38a-7404-454c-9bee-f3e41938f76a,Polyfit,86
98bfd38a-7404-454c-9bee-f3e41938f76a,CrossCorrelation,17
98bfd38a-7404-454c-9bee-f3e41938f76a,Multireg,34
a8770e25-d292-41d0-95ad-7e3073efb925,Polyfit,5
a8770e25-d292-41d0-95ad-7e3073efb925,CrossCorrelation,2
a8770e25-d292-41d0-95ad-7e3073efb925,Multireg,9
466150db-2cf4-41fa-9586-ef1fdcc44b89,Polyfit,10
466150db-2cf4-41fa-9586-ef1fdcc44b89,CrossCorrelation,2
466150db-2cf4-41fa-9586-ef1fdcc44b89,Multireg,9
e0915c62-25b7-428e-a283-dfc992411900,Polyfit,12
e0915c62-25b7-428e-a283-dfc992411900,CrossCorrelation,2
e0915c62-25b7-428e-a283-dfc992411900,Multireg,9
125b6742-0059-4bd2-b0ff-2517f31fa662,Polyfit,12
125b6742-0059-4bd2-b0ff-2517f31fa662,CrossCorrelation,4
125b6742-0059-4bd2-b0ff-2517f31fa662,Multireg,9
58d5cc61-10e6-47e7-aa19-e512c9f331bd,Polyfit,13
58d5cc61-10e6-47e7-aa19-e512c9f331bd,CrossCorrelation,2
58d5cc61-10e6-47e7-aa19-e512c9f331bd,Multireg,11
a7a3aaaf-7c96-4ca6-ac73-491881db3863,Polyfit,21
a7a3aaaf-7c96-4ca6-ac73-491881db3863,CrossCorrelation,4
a7a3aaaf-7c96-4ca6-ac73-491881db3863,Multireg,12
3f16b22e-3259-4de6-b314-fa914990045a,Polyfit,26
3f16b22e-3259-4de6-b314-fa914990045a,CrossCorrelation,4
3f16b22e-3259-4de6-b314-fa914990045a,Multireg,15
283074e4-18d0-4afa-a096-e6ea2d68adb7,Polyfit,25
283074e4-18d0-4afa-a096-e6ea2d68adb7,CrossCorrelation,4
283074e4-18d0-4afa-a096-e6ea2d68adb7,Multireg,15
4bbedfac-8ab2-47f7-9295-30004baa5cb3,Polyfit,29
4bbedfac-8ab2-47f7-9295-30004baa5cb3,CrossCorrelation,5
4bbedfac-8ab2-47f7-9295-30004baa5cb3,Multireg,16
a88aaf34-9d07-4c4b-951b-7dc3a1a4bf62,Polyfit,75
a88aaf34-9d07-4c4b-951b-7dc3a1a4bf62,CrossCorrelation,15
a88aaf34-9d07-4c4b-951b-7dc3a1a4bf62,Multireg,32
dc3741d3-a1f8-4ec6-af20-56d19ad63be4,Polyfit,83
dc3741d3-a1f8-4ec6-af20-56d19ad63be4,CrossCorrelation,17
dc3741d3-a1f8-4ec6-af20-56d19ad63be4,Multireg,35
23fafc31-1cac-45af-800b-09a852bec1ff,Polyfit,5
23fafc31-1cac-45af-800b-09a852bec1ff,CrossCorrelation,2
23fafc31-1cac-45af-800b-09a852bec1ff,Multireg,9
610bfabe-96d6-4b51-93df-a7db5083b3cd,Polyfit,8
610bfabe-96d6-4b51-93df-a7db5083b3cd,CrossCorrelation,2
610bfabe-96d6-4b51-93df-a7db5083b3cd,Multireg,9
0963833a-495f-462e-b48d-475bae6147d2,Polyfit,12
0963833a-495f-462e-b48d-475bae6147d2,CrossCorrelation,2
0963833a-495f-462e-b48d-475bae6147d2,Multireg,9
4f996b02-ebaf-49e9-b590-0ae0e283a27b,Polyfit,12
4f996b02-ebaf-49e9-b590-0ae0e283a27b,CrossCorrelation,2
4f996b02-ebaf-49e9-b590-0ae0e283a27b,Multireg,9
b0f0fc1a-416d-445a-9b5f-245fee4ea89e,Polyfit,13
b0f0fc1a-416d-445a-9b5f-245fee4ea89e,CrossCorrelation,2
b0f0fc1a-416d-445a-9b5f-245fee4ea89e,Multireg,9
237f25bd-1065-4623-812e-9fb171f23a38,Polyfit,21
237f25bd-1065-4623-812e-9fb171f23a38,CrossCorrelation,4
237f25bd-1065-4623-812e-9fb171f23a38,Multireg,11
ec9d25fc-57a1-4dca-b32a-3dbf614de417,Polyfit,23
ec9d25fc-57a1-4dca-b32a-3dbf614de417,CrossCorrelation,4
ec9d25fc-57a1-4dca-b32a-3dbf614de417,Multireg,15
cfcd0f4c-85d4-43c4-bf21-f3418787e995,Polyfit,26
cfcd0f4c-85d4-43c4-bf21-f3418787e995,CrossCorrelation,5
cfcd0f4c-85d4-43c4-bf21-f3418787e995,Multireg,16
3addd1c2-db07-44f3-a265-e10dec395736,Polyfit,28
3addd1c2-db07-44f3-a265-e10dec395736,CrossCorrelation,5
3addd1c2-db07-44f3-a265-e10dec395736,Multireg,16
3d75b26a-ac71-4e41-a37f-90c97e250bbd,Polyfit,81
3d75b26a-ac71-4e41-a37f-90c97e250bbd,CrossCorrelation,15
3d75b26a-ac71-4e41-a37f-90c97e250bbd,Multireg,40
cc1061a8-76e6-477e-aa73-9e177ff084c0,Polyfit,86
cc1061a8-76e6-477e-aa73-9e177ff084c0,CrossCorrelation,17
cc1061a8-76e6-477e-aa73-9e177ff084c0,Multireg,34
098c0d75-f572-4edd-adf2-64ef1dd846c3,Polyfit,5
098c0d75-f572-4edd-adf2-64ef1dd846c3,CrossCorrelation,2
098c0d75-f572-4edd-adf2-64ef1dd846c3,Multireg,9
322863cb-397a-4185-a577-39e16c338696,Polyfit,8
322863cb-397a-4185-a577-39e16c338696,CrossCorrelation,2
322863cb-397a-4185-a577-39e16c338696,Multireg,9
d43acf3f-f073-47d9-b3ad-3efcc67b9a84,Polyfit,12
d43acf3f-f073-47d9-b3ad-3efcc67b9a84,CrossCorrelation,2
d43acf3f-f073-47d9-b3ad-3efcc67b9a84,Multireg,9
344064de-e47c-406f-beab-662735b4ed49,Polyfit,12
344064de-e47c-406f-beab-662735b4ed49,CrossCorrelation,2
344064de-e47c-406f-beab-662735b4ed49,Multireg,9
efe01cf2-9abd-4541-8f91-ce5a94dfdc89,Polyfit,13
efe01cf2-9abd-4541-8f91-ce5a94dfdc89,CrossCorrelation,2
efe01cf2-9abd-4541-8f91-ce5a94dfdc89,Multireg,9
a770186f-c6ac-4309-8693-302aaa6f76a6,Polyfit,21
a770186f-c6ac-4309-8693-302aaa6f76a6,CrossCorrelation,4
a770186f-c6ac-4309-8693-302aaa6f76a6,Multireg,11
2310ea2a-227c-4a0b-9b76-f5c349454e16,Polyfit,24
2310ea2a-227c-4a0b-9b76-f5c349454e16,CrossCorrelation,4
2310ea2a-227c-4a0b-9b76-f5c349454e16,Multireg,15
a2d2da9f-a490-4248-86a2-716b775ae11c,Polyfit,25
a2d2da9f-a490-4248-86a2-716b775ae11c,CrossCorrelation,4
a2d2da9f-a490-4248-86a2-716b775ae11c,Multireg,16
89267ea4-7f58-4474-9294-e0600f31dd70,Polyfit,28
89267ea4-7f58-4474-9294-e0600f31dd70,CrossCorrelation,5
89267ea4-7f58-4474-9294-e0600f31dd70,Multireg,16
7b793ad9-1fa1-4840-b63a-a9db54110000,Polyfit,76
7b793ad9-1fa1-4840-b63a-a9db54110000,CrossCorrelation,15
7b793ad9-1fa1-4840-b63a-a9db54110000,Multireg,32
25ab03be-4a6a-4e42-83a6-1f5e5fa21827,Polyfit,86
25ab03be-4a6a-4e42-83a6-1f5e5fa21827,CrossCorrelation,17
25ab03be-4a6a-4e42-83a6-1f5e5fa21827,Multireg,34
33b53718-58b9-484a-8f03-40b5293813cc,Polyfit,5
33b53718-58b9-484a-8f03-40b5293813cc,CrossCorrelation,2
33b53718-58b9-484a-8f03-40b5293813cc,Multireg,9
8d8ffdee-5998-45e1-a368-6b58cda4d1af,Polyfit,8
8d8ffdee-5998-45e1-a368-6b58cda4d1af,CrossCorrelation,2
8d8ffdee-5998-45e1-a368-6b58cda4d1af,Multireg,9
e4bf0c46-cabc-410d-a2e7-a7d2303ad81d,Polyfit,13
e4bf0c46-cabc-410d-a2e7-a7d2303ad81d,CrossCorrelation,3
e4bf0c46-cabc-410d-a2e7-a7d2303ad81d,Multireg,9
68f78135-e0a9-4fc5-b4e3-cd9a03ffb16a,Polyfit,12
68f78135-e0a9-4fc5-b4e3-cd9a03ffb16a,CrossCorrelation,2
68f78135-e0a9-4fc5-b4e3-cd9a03ffb16a,Multireg,9
74f13741-929b-46b5-bf03-ba531720f060,Polyfit,13
74f13741-929b-46b5-bf03-ba531720f060,CrossCorrelation,2
74f13741-929b-46b5-bf03-ba531720f060,Multireg,9
05345f2f-98fc-42fc-8383-36e966a7e32c,Polyfit,23
05345f2f-98fc-42fc-8383-36e966a7e32c,CrossCorrelation,4
05345f2f-98fc-42fc-8383-36e966a7e32c,Multireg,12
78515dc0-e03e-44c0-879a-a7bc5f786e30,Polyfit,28
78515dc0-e03e-44c0-879a-a7bc5f786e30,CrossCorrelation,6
78515dc0-e03e-44c0-879a-a7bc5f786e30,Multireg,16
c9940190-4962-4ff0-8915-f996c987e0ec,Polyfit,26
c9940190-4962-4ff0-8915-f996c987e0ec,CrossCorrelation,4
c9940190-4962-4ff0-8915-f996c987e0ec,Multireg,16
a13eb3ff-6881-492a-84cd-9f1b76efee13,Polyfit,27
a13eb3ff-6881-492a-84cd-9f1b76efee13,CrossCorrelation,5
a13eb3ff-6881-492a-84cd-9f1b76efee13,Multireg,16
7971c246-70cd-4721-9246-82779f919d3f,Polyfit,83
7971c246-70cd-4721-9246-82779f919d3f,CrossCorrelation,15
7971c246-70cd-4721-9246-82779f919d3f,Multireg,32
4da977b6-54f7-4414-8845-2a7ae37cf03e,Polyfit,85
4da977b6-54f7-4414-8845-2a7ae37cf03e,CrossCorrelation,17
4da977b6-54f7-4414-8845-2a7ae37cf03e,Multireg,35
77c3567c-95c1-4b49-adf8-931f1cc8a734,Polyfit,6
77c3567c-95c1-4b49-adf8-931f1cc8a734,CrossCorrelation,3
77c3567c-95c1-4b49-adf8-931f1cc8a734,Multireg,9
cb73aa9b-2484-4bce-be1e-cdc6c3b62f1c,Polyfit,8
cb73aa9b-2484-4bce-be1e-cdc6c3b62f1c,CrossCorrelation,2
cb73aa9b-2484-4bce-be1e-cdc6c3b62f1c,Multireg,9
2365acc7-efcd-45ca-8b79-84be8f3c8923,Polyfit,12
2365acc7-efcd-45ca-8b79-84be8f3c8923,CrossCorrelation,2
2365acc7-efcd-45ca-8b79-84be8f3c8923,Multireg,9
91f3ca05-9df4-41a3-9b7e-acd796040e97,Polyfit,13
91f3ca05-9df4-41a3-9b7e-acd796040e97,CrossCorrelation,2
91f3ca05-9df4-41a3-9b7e-acd796040e97,Multireg,9
68f79533-e0bd-45cd-badd-e51f64605dbb,Polyfit,13
68f79533-e0bd-45cd-badd-e51f64605dbb,CrossCorrelation,2
68f79533-e0bd-45cd-badd-e51f64605dbb,Multireg,9
94a70db4-3d9e-4ca2-a3b7-bb8a9b627d2a,Polyfit,20
94a70db4-3d9e-4ca2-a3b7-bb8a9b627d2a,CrossCorrelation,4
94a70db4-3d9e-4ca2-a3b7-bb8a9b627d2a,Multireg,11
0d3463f5-057d-4801-98e6-e0c1cf0468d2,Polyfit,27
0d3463f5-057d-4801-98e6-e0c1cf0468d2,CrossCorrelation,4
0d3463f5-057d-4801-98e6-e0c1cf0468d2,Multireg,15
b14acdd1-d040-4ca8-9605-dc0d7110e75a,Polyfit,26
b14acdd1-d040-4ca8-9605-dc0d7110e75a,CrossCorrelation,4
b14acdd1-d040-4ca8-9605-dc0d7110e75a,Multireg,16
4494d4bf-919f-486c-a0d9-cd5d8b8b16b3,Polyfit,31
4494d4bf-919f-486c-a0d9-cd5d8b8b16b3,CrossCorrelation,6
4494d4bf-919f-486c-a0d9-cd5d8b8b16b3,Multireg,26
5c4ea0d7-e8ee-4aa7-93b5-5d5433f62ea3,Polyfit,77
5c4ea0d7-e8ee-4aa7-93b5-5d5433f62ea3,CrossCorrelation,15
5c4ea0d7-e8ee-4aa7-93b5-5d5433f62ea3,Multireg,32
1c0cede5-fbd8-40c8-ad06-7b5137e18de6,Polyfit,83
1c0cede5-fbd8-40c8-ad06-7b5137e18de6,CrossCorrelation,17
1c0cede5-fbd8-40c8-ad06-7b5137e18de6,Multireg,35
7caa221c-1ad5-4072-bb17-340f538f8973,Polyfit,5
7caa221c-1ad5-4072-bb17-340f538f8973,CrossCorrelation,2
7caa221c-1ad5-4072-bb17-340f538f8973,Multireg,9
ecff2330-8484-4410-ab33-1b4774b6a1ce,Polyfit,8
ecff2330-8484-4410-ab33-1b4774b6a1ce,CrossCorrelation,2
ecff2330-8484-4410-ab33-1b4774b6a1ce,Multireg,9
9647723b-1a0d-4587-82d6-4ae14b415b23,Polyfit,12
9647723b-1a0d-4587-82d6-4ae14b415b23,CrossCorrelation,2
9647723b-1a0d-4587-82d6-4ae14b415b23,Multireg,9
87445aee-c95c-4c15-ac01-03ea8fc146ca,Polyfit,12
87445aee-c95c-4c15-ac01-03ea8fc146ca,CrossCorrelation,2
87445aee-c95c-4c15-ac01-03ea8fc146ca,Multireg,9
52c1f8f8-6acc-4e88-8a25-bd43e742a127,Polyfit,13
52c1f8f8-6acc-4e88-8a25-bd43e742a127,CrossCorrelation,2
52c1f8f8-6acc-4e88-8a25-bd43e742a127,Multireg,9
b5afd121-9988-445c-a89d-3c6b973fb63f,Polyfit,21
b5afd121-9988-445c-a89d-3c6b973fb63f,CrossCorrelation,4
b5afd121-9988-445c-a89d-3c6b973fb63f,Multireg,11
cd040112-d20b-4405-a2b4-b866bf274185,Polyfit,24
cd040112-d20b-4405-a2b4-b866bf274185,CrossCorrelation,4
cd040112-d20b-4405-a2b4-b866bf274185,Multireg,15
dbbe3ad6-0157-4fd5-8364-5ee8fcc42874,Polyfit,26
dbbe3ad6-0157-4fd5-8364-5ee8fcc42874,CrossCorrelation,4
dbbe3ad6-0157-4fd5-8364-5ee8fcc42874,Multireg,16
374463f3-b4d5-4f76-99db-e5725874c0fc,Polyfit,27
374463f3-b4d5-4f76-99db-e5725874c0fc,CrossCorrelation,5
374463f3-b4d5-4f76-99db-e5725874c0fc,Multireg,16
3423fb83-39be-45ce-9c80-6561cede8bdb,Polyfit,76
3423fb83-39be-45ce-9c80-6561cede8bdb,CrossCorrelation,15
3423fb83-39be-45ce-9c80-6561cede8bdb,Multireg,32
256d3f67-a126-4d16-91fc-1fdca67d6873,Polyfit,86
256d3f67-a126-4d16-91fc-1fdca67d6873,CrossCorrelation,17
256d3f67-a126-4d16-91fc-1fdca67d6873,Multireg,35
e4b2575c-68cb-4d1a-80f5-36eb00915880,Polyfit,5
e4b2575c-68cb-4d1a-80f5-36eb00915880,CrossCorrelation,2
e4b2575c-68cb-4d1a-80f5-36eb00915880,Multireg,9
ca9a9d5c-0e83-43f5-b06d-02019e0ad3ea,Polyfit,8
ca9a9d5c-0e83-43f5-b06d-02019e0ad3ea,CrossCorrelation,2
ca9a9d5c-0e83-43f5-b06d-02019e0ad3ea,Multireg,9
232ad658-d3a7-4713-9464-4222d27e2a7b,Polyfit,12
232ad658-d3a7-4713-9464-4222d27e2a7b,CrossCorrelation,2
232ad658-d3a7-4713-9464-4222d27e2a7b,Multireg,9
846df6f9-44f6-46fe-98cc-185661126aa0,Polyfit,12
846df6f9-44f6-46fe-98cc-185661126aa0,CrossCorrelation,2
846df6f9-44f6-46fe-98cc-185661126aa0,Multireg,9
5514b18e-2197-4027-8649-70d7275fcc8d,Polyfit,13
5514b18e-2197-4027-8649-70d7275fcc8d,CrossCorrelation,2
5514b18e-2197-4027-8649-70d7275fcc8d,Multireg,9
ac12a259-4fc6-450e-a3ff-38c29dd5dae0,Polyfit,21
ac12a259-4fc6-450e-a3ff-38c29dd5dae0,CrossCorrelation,4
ac12a259-4fc6-450e-a3ff-38c29dd5dae0,Multireg,11
12b05217-a4bd-4895-9f95-b8c2b8288e17,Polyfit,25
12b05217-a4bd-4895-9f95-b8c2b8288e17,CrossCorrelation,4
12b05217-a4bd-4895-9f95-b8c2b8288e17,Multireg,15
708847ba-d7c1-4b08-b87d-5ed7e6d031d6,Polyfit,27
708847ba-d7c1-4b08-b87d-5ed7e6d031d6,CrossCorrelation,4
708847ba-d7c1-4b08-b87d-5ed7e6d031d6,Multireg,16
a901d75d-929a-4016-8426-b3b67f73b320,Polyfit,31
a901d75d-929a-4016-8426-b3b67f73b320,CrossCorrelation,6
a901d75d-929a-4016-8426-b3b67f73b320,Multireg,26
0e0ccdab-2624-47f6-bea1-34cf8150b853,Polyfit,76
0e0ccdab-2624-47f6-bea1-34cf8150b853,CrossCorrelation,15
0e0ccdab-2624-47f6-bea1-34cf8150b853,Multireg,32
d413642f-2a1c-4a15-9788-28beb13a66bb,Polyfit,86
d413642f-2a1c-4a15-9788-28beb13a66bb,CrossCorrelation,17
d413642f-2a1c-4a15-9788-28beb13a66bb,Multireg,34
2f46cdc8-f328-4ae9-a82b-f82536c8db2c,Polyfit,5
2f46cdc8-f328-4ae9-a82b-f82536c8db2c,CrossCorrelation,2
2f46cdc8-f328-4ae9-a82b-f82536c8db2c,Multireg,9
e03e7418-558e-4d1e-95bd-e2e1ddddf0f4,Polyfit,8
e03e7418-558e-4d1e-95bd-e2e1ddddf0f4,CrossCorrelation,2
e03e7418-558e-4d1e-95bd-e2e1ddddf0f4,Multireg,9
155066d9-6357-40c8-9b2d-623a8526aed8,Polyfit,12
155066d9-6357-40c8-9b2d-623a8526aed8,CrossCorrelation,2
155066d9-6357-40c8-9b2d-623a8526aed8,Multireg,9
d738c9cf-4088-4a53-909a-dba819936ad6,Polyfit,12
d738c9cf-4088-4a53-909a-dba819936ad6,CrossCorrelation,2
d738c9cf-4088-4a53-909a-dba819936ad6,Multireg,9
06e00a0b-6d43-4b83-abd7-0936eae707d3,Polyfit,13
06e00a0b-6d43-4b83-abd7-0936eae707d3,CrossCorrelation,2
06e00a0b-6d43-4b83-abd7-0936eae707d3,Multireg,9
016daf1e-fda3-4ca8-a098-ebcdab89aea5,Polyfit,23
016daf1e-fda3-4ca8-a098-ebcdab89aea5,CrossCorrelation,4
016daf1e-fda3-4ca8-a098-ebcdab89aea5,Multireg,12
b2cd6168-e562-4cba-9e83-67a04c054bfc,Polyfit,26
b2cd6168-e562-4cba-9e83-67a04c054bfc,CrossCorrelation,4
b2cd6168-e562-4cba-9e83-67a04c054bfc,Multireg,15
aa10c0ec-85c3-4a68-b3dd-1084c57e5124,Polyfit,26
aa10c0ec-85c3-4a68-b3dd-1084c57e5124,CrossCorrelation,4
aa10c0ec-85c3-4a68-b3dd-1084c57e5124,Multireg,16
43026ead-4176-453c-a906-cc1e33b9ade4,Polyfit,29
43026ead-4176-453c-a906-cc1e33b9ade4,CrossCorrelation,5
43026ead-4176-453c-a906-cc1e33b9ade4,Multireg,16
22d27c3b-c235-46e2-a9fd-024951528365,Polyfit,81
22d27c3b-c235-46e2-a9fd-024951528365,CrossCorrelation,15
22d27c3b-c235-46e2-a9fd-024951528365,Multireg,32
7921e0ea-3315-4b28-b9e6-addbcbdab299,Polyfit,86
7921e0ea-3315-4b28-b9e6-addbcbdab299,CrossCorrelation,17
7921e0ea-3315-4b28-b9e6-addbcbdab299,Multireg,36
8e47a206-fee5-454e-9286-01fb25727bfc,Polyfit,10
8e47a206-fee5-454e-9286-01fb25727bfc,CrossCorrelation,4
8e47a206-fee5-454e-9286-01fb25727bfc,Multireg,14
2a188fe5-9f89-4d94-ae77-19192b5f9323,Polyfit,13
2a188fe5-9f89-4d94-ae77-19192b5f9323,CrossCorrelation,5
2a188fe5-9f89-4d94-ae77-19192b5f9323,Multireg,18
1854e596-4997-4afc-9c02-e9aa5c3c1209,Polyfit,12
1854e596-4997-4afc-9c02-e9aa5c3c1209,CrossCorrelation,5
1854e596-4997-4afc-9c02-e9aa5c3c1209,Multireg,17
fd4d1fd6-b1cf-405b-b697-c638186bbae2,Polyfit,23
fd4d1fd6-b1cf-405b-b697-c638186bbae2,CrossCorrelation,4
fd4d1fd6-b1cf-405b-b697-c638186bbae2,Multireg,14
18efc8c0-4441-4bd1-baf2-20ff3ceb96d2,Polyfit,5
18efc8c0-4441-4bd1-baf2-20ff3ceb96d2,CrossCorrelation,2
18efc8c0-4441-4bd1-baf2-20ff3ceb96d2,Multireg,9
078363f4-6826-4c9e-91c5-2f66928147ac,Polyfit,31
078363f4-6826-4c9e-91c5-2f66928147ac,CrossCorrelation,5
078363f4-6826-4c9e-91c5-2f66928147ac,Multireg,17
da7dd535-def7-42d0-95c0-24167987ab13,Polyfit,6
da7dd535-def7-42d0-95c0-24167987ab13,CrossCorrelation,1
da7dd535-def7-42d0-95c0-24167987ab13,Multireg,3
ee16c3a3-ee20-4b38-813b-4f092fd861d3,Polyfit,5
d9df65c0-b9f8-41b8-8fc7-392166ab6ead,CrossCorrelation,2
567cfc82-0f2d-4d94-a967-3c13a67b1658,Multireg,9
dc358537-c528-438b-9fab-7af34b535b61,Multireg,11
dc358537-c528-438b-9fab-7af34b535b61,Polyfit,5
25f1ae53-a9e7-447e-b8b6-2ec3fbe8bc1d,Polyfit,5
25f1ae53-a9e7-447e-b8b6-2ec3fbe8bc1d,CrossCorrelation,2
25f1ae53-a9e7-447e-b8b6-2ec3fbe8bc1d,Multireg,9
d5d0c661-9e71-4bb9-b501-c6889d07b6e2,Polyfit,8
d5d0c661-9e71-4bb9-b501-c6889d07b6e2,CrossCorrelation,2
d5d0c661-9e71-4bb9-b501-c6889d07b6e2,Multireg,9
e42f6fc4-a44f-4eb0-a566-744a47e7a71f,Polyfit,12
e42f6fc4-a44f-4eb0-a566-744a47e7a71f,CrossCorrelation,2
e42f6fc4-a44f-4eb0-a566-744a47e7a71f,Multireg,9
ff1fd768-3c5d-4039-a122-f769ee6ba738,Polyfit,12
ff1fd768-3c5d-4039-a122-f769ee6ba738,CrossCorrelation,2
ff1fd768-3c5d-4039-a122-f769ee6ba738,Multireg,9
9ec1b432-9f46-49ea-89d7-35c61e899587,Polyfit,13
9ec1b432-9f46-49ea-89d7-35c61e899587,CrossCorrelation,2
9ec1b432-9f46-49ea-89d7-35c61e899587,Multireg,9
02cf6187-b74d-4538-bebe-9a888f288bad,Polyfit,21
02cf6187-b74d-4538-bebe-9a888f288bad,CrossCorrelation,4
02cf6187-b74d-4538-bebe-9a888f288bad,Multireg,11
ded1a96c-9843-4b46-9873-454d250ddd1c,Polyfit,27
ded1a96c-9843-4b46-9873-454d250ddd1c,CrossCorrelation,6
ded1a96c-9843-4b46-9873-454d250ddd1c,Multireg,22
271a06a8-a32b-4fcd-907e-3f37c528b525,Polyfit,24
271a06a8-a32b-4fcd-907e-3f37c528b525,CrossCorrelation,4
271a06a8-a32b-4fcd-907e-3f37c528b525,Multireg,16
2f77443a-4c11-4c7d-9877-db89cb21e4ff,Polyfit,27
2f77443a-4c11-4c7d-9877-db89cb21e4ff,CrossCorrelation,5
2f77443a-4c11-4c7d-9877-db89cb21e4ff,Multireg,16
715f2514-e976-4ba2-8ffd-5ea90bc82835,Polyfit,79
715f2514-e976-4ba2-8ffd-5ea90bc82835,CrossCorrelation,15
715f2514-e976-4ba2-8ffd-5ea90bc82835,Multireg,32
5d0eff16-b8e8-461c-b31e-ba2eb763a664,Polyfit,92
5d0eff16-b8e8-461c-b31e-ba2eb763a664,CrossCorrelation,16
5d0eff16-b8e8-461c-b31e-ba2eb763a664,Multireg,34
fc0e5d4d-efa8-4845-a234-72d8c3977938,Polyfit,5
fc0e5d4d-efa8-4845-a234-72d8c3977938,CrossCorrelation,2
fc0e5d4d-efa8-4845-a234-72d8c3977938,Multireg,9
9197a068-5af2-4717-b9a7-7124eb4fb05a,Polyfit,8
9197a068-5af2-4717-b9a7-7124eb4fb05a,CrossCorrelation,2
9197a068-5af2-4717-b9a7-7124eb4fb05a,Multireg,9
3579681d-860b-48eb-a2a9-1dd3eec7af99,Polyfit,12
3579681d-860b-48eb-a2a9-1dd3eec7af99,CrossCorrelation,2
3579681d-860b-48eb-a2a9-1dd3eec7af99,Multireg,9
79d25be8-d6ef-4222-be35-094e296a9a1d,Polyfit,12
79d25be8-d6ef-4222-be35-094e296a9a1d,CrossCorrelation,2
79d25be8-d6ef-4222-be35-094e296a9a1d,Multireg,9
97ca997f-d77c-4d61-9c92-5f320909c885,Polyfit,13
97ca997f-d77c-4d61-9c92-5f320909c885,CrossCorrelation,2
97ca997f-d77c-4d61-9c92-5f320909c885,Multireg,9
05d27e5b-9cbc-4a85-994c-5c807bb7f7e1,Polyfit,20
05d27e5b-9cbc-4a85-994c-5c807bb7f7e1,CrossCorrelation,4
05d27e5b-9cbc-4a85-994c-5c807bb7f7e1,Multireg,11
822034bc-4f9c-4a6a-80ec-fc098bba2a24,Polyfit,23
822034bc-4f9c-4a6a-80ec-fc098bba2a24,CrossCorrelation,4
822034bc-4f9c-4a6a-80ec-fc098bba2a24,Multireg,15
d3794ef8-5588-464d-bd70-31b4ef9ef072,Polyfit,25
d3794ef8-5588-464d-bd70-31b4ef9ef072,CrossCorrelation,4
d3794ef8-5588-464d-bd70-31b4ef9ef072,Multireg,16
be2d4e18-fc17-48ad-a5ab-0c48741b52d0,Polyfit,27
be2d4e18-fc17-48ad-a5ab-0c48741b52d0,CrossCorrelation,5
be2d4e18-fc17-48ad-a5ab-0c48741b52d0,Multireg,16
385b3519-7dc9-4687-ad00-94c0597232bc,Polyfit,83
385b3519-7dc9-4687-ad00-94c0597232bc,CrossCorrelation,15
385b3519-7dc9-4687-ad00-94c0597232bc,Multireg,32
a78921b2-48dd-46ba-99c1-5e78996295de,Polyfit,83
a78921b2-48dd-46ba-99c1-5e78996295de,CrossCorrelation,17
a78921b2-48dd-46ba-99c1-5e78996295de,Multireg,34
f4f68319-77f7-4cfc-b6a3-14fd06268d60,Polyfit,5
f4f68319-77f7-4cfc-b6a3-14fd06268d60,CrossCorrelation,2
f4f68319-77f7-4cfc-b6a3-14fd06268d60,Multireg,9
a50e2045-f5c6-440d-8449-6ab36c5a461a,Polyfit,8
a50e2045-f5c6-440d-8449-6ab36c5a461a,CrossCorrelation,2
a50e2045-f5c6-440d-8449-6ab36c5a461a,Multireg,9
8a2d11cc-24f1-43e8-ac45-caf410a38532,Polyfit,12
8a2d11cc-24f1-43e8-ac45-caf410a38532,CrossCorrelation,2
8a2d11cc-24f1-43e8-ac45-caf410a38532,Multireg,9
72745d15-8b47-43f1-8036-095e07cdbacc,Polyfit,12
72745d15-8b47-43f1-8036-095e07cdbacc,CrossCorrelation,2
72745d15-8b47-43f1-8036-095e07cdbacc,Multireg,9
20bf41bf-6a86-4e3b-8784-85e343e5fc88,Polyfit,12
20bf41bf-6a86-4e3b-8784-85e343e5fc88,CrossCorrelation,2
20bf41bf-6a86-4e3b-8784-85e343e5fc88,Multireg,9
cf62b736-c854-4ee7-b24f-d592c2ef9122,Polyfit,20
cf62b736-c854-4ee7-b24f-d592c2ef9122,CrossCorrelation,4
cf62b736-c854-4ee7-b24f-d592c2ef9122,Multireg,11
70cff87d-879c-4b9f-b4f1-dd90d7d984fb,Polyfit,26
70cff87d-879c-4b9f-b4f1-dd90d7d984fb,CrossCorrelation,4
70cff87d-879c-4b9f-b4f1-dd90d7d984fb,Multireg,15
c707192f-27c1-43bd-b6eb-6700af465bd6,Polyfit,28
c707192f-27c1-43bd-b6eb-6700af465bd6,CrossCorrelation,4
c707192f-27c1-43bd-b6eb-6700af465bd6,Multireg,16
bedf8215-a1dc-443f-a40e-ec61195f0b4f,Polyfit,27
bedf8215-a1dc-443f-a40e-ec61195f0b4f,CrossCorrelation,5
bedf8215-a1dc-443f-a40e-ec61195f0b4f,Multireg,16
bb2f8701-2b7a-43e5-aa18-cc4edb625554,Polyfit,76
bb2f8701-2b7a-43e5-aa18-cc4edb625554,CrossCorrelation,15
bb2f8701-2b7a-43e5-aa18-cc4edb625554,Multireg,32
1f28bf88-c930-4e6c-bfdc-56aa5f7d0a0b,Polyfit,87
1f28bf88-c930-4e6c-bfdc-56aa5f7d0a0b,CrossCorrelation,17
1f28bf88-c930-4e6c-bfdc-56aa5f7d0a0b,Multireg,34
2ce035b0-d267-462f-8fe9-a1cbc329ada9,Polyfit,5
2ce035b0-d267-462f-8fe9-a1cbc329ada9,CrossCorrelation,2
2ce035b0-d267-462f-8fe9-a1cbc329ada9,Multireg,9
7fe5d41b-85cd-4447-8b84-27b84eac124e,Polyfit,8
7fe5d41b-85cd-4447-8b84-27b84eac124e,CrossCorrelation,2
7fe5d41b-85cd-4447-8b84-27b84eac124e,Multireg,8
2cc212ec-0ac0-455e-b640-506cee32d24b,Polyfit,12
2cc212ec-0ac0-455e-b640-506cee32d24b,CrossCorrelation,2
2cc212ec-0ac0-455e-b640-506cee32d24b,Multireg,9
0ac3f5ab-54c0-4ad4-841e-751b6f248b34,Polyfit,12
0ac3f5ab-54c0-4ad4-841e-751b6f248b34,CrossCorrelation,2
0ac3f5ab-54c0-4ad4-841e-751b6f248b34,Multireg,9
5004b686-459e-48cd-a5f2-97d4959d215e,Polyfit,13
5004b686-459e-48cd-a5f2-97d4959d215e,CrossCorrelation,2
5004b686-459e-48cd-a5f2-97d4959d215e,Multireg,9
3b1238fb-2afa-4880-bae7-e57c02bf172d,Polyfit,21
3b1238fb-2afa-4880-bae7-e57c02bf172d,CrossCorrelation,6
3b1238fb-2afa-4880-bae7-e57c02bf172d,Multireg,12
af404b66-7f44-416f-a924-9aa92c15fb4d,Polyfit,24
af404b66-7f44-416f-a924-9aa92c15fb4d,CrossCorrelation,4
af404b66-7f44-416f-a924-9aa92c15fb4d,Multireg,15
5237bf8f-bf64-4bac-b7d6-f03d366d3e8f,Polyfit,25
5237bf8f-bf64-4bac-b7d6-f03d366d3e8f,CrossCorrelation,4
5237bf8f-bf64-4bac-b7d6-f03d366d3e8f,Multireg,16
49e25877-e3c5-4737-b5f9-518265e193e5,Polyfit,27
49e25877-e3c5-4737-b5f9-518265e193e5,CrossCorrelation,5
49e25877-e3c5-4737-b5f9-518265e193e5,Multireg,16
60c7a87f-56b4-44f7-a435-0e9a7416eeba,Polyfit,85
60c7a87f-56b4-44f7-a435-0e9a7416eeba,CrossCorrelation,19
60c7a87f-56b4-44f7-a435-0e9a7416eeba,Multireg,40
894a3e84-4af1-4e2b-9cd8-943bd0362c1f,Polyfit,87
894a3e84-4af1-4e2b-9cd8-943bd0362c1f,CrossCorrelation,17
894a3e84-4af1-4e2b-9cd8-943bd0362c1f,Multireg,35
f2378ebf-2da1-48f6-a21e-5da5e2b00781,Polyfit,5
f2378ebf-2da1-48f6-a21e-5da5e2b00781,CrossCorrelation,2
f2378ebf-2da1-48f6-a21e-5da5e2b00781,Multireg,9
4a727f9a-7724-4ce0-a07d-be90178dd342,Polyfit,8
4a727f9a-7724-4ce0-a07d-be90178dd342,CrossCorrelation,2
4a727f9a-7724-4ce0-a07d-be90178dd342,Multireg,9
f1710582-d05d-4012-8b69-689016a574af,Polyfit,12
f1710582-d05d-4012-8b69-689016a574af,CrossCorrelation,2
f1710582-d05d-4012-8b69-689016a574af,Multireg,9
060b37ea-c7e1-4bdc-92cd-ab8a09909170,Polyfit,12
060b37ea-c7e1-4bdc-92cd-ab8a09909170,CrossCorrelation,2
060b37ea-c7e1-4bdc-92cd-ab8a09909170,Multireg,9
57ec1809-fa81-45ab-8697-71f4b53b4ab3,Polyfit,13
57ec1809-fa81-45ab-8697-71f4b53b4ab3,CrossCorrelation,2
57ec1809-fa81-45ab-8697-71f4b53b4ab3,Multireg,9
3e9d84ab-1f02-4f86-9751-f7ea63ac2fd5,Polyfit,21
3e9d84ab-1f02-4f86-9751-f7ea63ac2fd5,CrossCorrelation,4
3e9d84ab-1f02-4f86-9751-f7ea63ac2fd5,Multireg,11
be3a6dfd-c1e2-4f8c-8bb1-6de2deb90489,Polyfit,28
be3a6dfd-c1e2-4f8c-8bb1-6de2deb90489,CrossCorrelation,6
be3a6dfd-c1e2-4f8c-8bb1-6de2deb90489,Multireg,23
81d848f2-344a-4f9c-959f-d362637b0b82,Polyfit,25
81d848f2-344a-4f9c-959f-d362637b0b82,CrossCorrelation,4
81d848f2-344a-4f9c-959f-d362637b0b82,Multireg,15
f3422a67-70f3-4a0a-bf15-55cd95b48538,Polyfit,27
f3422a67-70f3-4a0a-bf15-55cd95b48538,CrossCorrelation,5
f3422a67-70f3-4a0a-bf15-55cd95b48538,Multireg,16
a44c5627-82ee-47e9-a224-4f27a735a4cf,Polyfit,73
a44c5627-82ee-47e9-a224-4f27a735a4cf,CrossCorrelation,15
a44c5627-82ee-47e9-a224-4f27a735a4cf,Multireg,32
8493fe28-ecdb-4806-9e66-db4a1626a4e1,Polyfit,86
8493fe28-ecdb-4806-9e66-db4a1626a4e1,CrossCorrelation,16
8493fe28-ecdb-4806-9e66-db4a1626a4e1,Multireg,33
1bc00d75-7cfe-4749-a2e0-43ec779abf86,Polyfit,5
1bc00d75-7cfe-4749-a2e0-43ec779abf86,CrossCorrelation,2
1bc00d75-7cfe-4749-a2e0-43ec779abf86,Multireg,9
01f79ad5-7b9f-4784-b93e-28dcc48781f2,Polyfit,8
01f79ad5-7b9f-4784-b93e-28dcc48781f2,CrossCorrelation,2
01f79ad5-7b9f-4784-b93e-28dcc48781f2,Multireg,9
abca3354-c4b2-48d6-be6b-9eb695768e80,Polyfit,12
abca3354-c4b2-48d6-be6b-9eb695768e80,CrossCorrelation,2
abca3354-c4b2-48d6-be6b-9eb695768e80,Multireg,9
a1030078-aa15-46bd-ae83-5ebd74abac12,Polyfit,13
a1030078-aa15-46bd-ae83-5ebd74abac12,CrossCorrelation,2
a1030078-aa15-46bd-ae83-5ebd74abac12,Multireg,9
048c3eb1-ae92-45ea-b2f4-e662f5538567,Polyfit,13
048c3eb1-ae92-45ea-b2f4-e662f5538567,CrossCorrelation,2
048c3eb1-ae92-45ea-b2f4-e662f5538567,Multireg,10
4f2f32cf-f471-4ed3-8469-8502be307254,Polyfit,21
4f2f32cf-f471-4ed3-8469-8502be307254,CrossCorrelation,4
4f2f32cf-f471-4ed3-8469-8502be307254,Multireg,12
f8715f4c-950f-4e93-b6df-8ea94db96d31,Polyfit,28
f8715f4c-950f-4e93-b6df-8ea94db96d31,CrossCorrelation,5
f8715f4c-950f-4e93-b6df-8ea94db96d31,Multireg,15
0977285a-b601-43df-8ec6-d33d29b80569,Polyfit,30
0977285a-b601-43df-8ec6-d33d29b80569,CrossCorrelation,6
0977285a-b601-43df-8ec6-d33d29b80569,Multireg,17
2700db35-58c1-4a71-87f0-796b72d0e077,Polyfit,27
2700db35-58c1-4a71-87f0-796b72d0e077,CrossCorrelation,5
2700db35-58c1-4a71-87f0-796b72d0e077,Multireg,16
c7e33c96-0cfb-48bf-89e3-4fdec96d4318,Polyfit,76
c7e33c96-0cfb-48bf-89e3-4fdec96d4318,CrossCorrelation,15
c7e33c96-0cfb-48bf-89e3-4fdec96d4318,Multireg,33
82474c81-69fc-44a9-b398-682f1eedaffa,Polyfit,84
82474c81-69fc-44a9-b398-682f1eedaffa,CrossCorrelation,17
82474c81-69fc-44a9-b398-682f1eedaffa,Multireg,34
9a1682eb-29b5-4d55-8986-c0271bb49f9b,Polyfit,6
9a1682eb-29b5-4d55-8986-c0271bb49f9b,CrossCorrelation,2
9a1682eb-29b5-4d55-8986-c0271bb49f9b,Multireg,9
fde1d048-c9ae-43c9-8bc6-c7be065997e5,Polyfit,8
fde1d048-c9ae-43c9-8bc6-c7be065997e5,CrossCorrelation,2
fde1d048-c9ae-43c9-8bc6-c7be065997e5,Multireg,9
78326f0f-3f38-46ab-9d3c-32fdc0111a8f,Polyfit,12
78326f0f-3f38-46ab-9d3c-32fdc0111a8f,CrossCorrelation,2
78326f0f-3f38-46ab-9d3c-32fdc0111a8f,Multireg,9
8b8a023f-9a7d-470c-a57e-fe9d7c384c51,Polyfit,12
8b8a023f-9a7d-470c-a57e-fe9d7c384c51,CrossCorrelation,2
8b8a023f-9a7d-470c-a57e-fe9d7c384c51,Multireg,9
691e44ac-da3b-45c6-b9a9-73f104449da2,Polyfit,13
691e44ac-da3b-45c6-b9a9-73f104449da2,CrossCorrelation,2
691e44ac-da3b-45c6-b9a9-73f104449da2,Multireg,9
22700b89-9697-4ae1-a182-8f29bf1fdec4,Polyfit,21
22700b89-9697-4ae1-a182-8f29bf1fdec4,CrossCorrelation,4
22700b89-9697-4ae1-a182-8f29bf1fdec4,Multireg,11
6983f82f-880a-4a1a-b516-088bc0e84cc7,Polyfit,24
6983f82f-880a-4a1a-b516-088bc0e84cc7,CrossCorrelation,4
6983f82f-880a-4a1a-b516-088bc0e84cc7,Multireg,15
815b6cb4-3b4c-4519-95fe-0fe9ebcdc9f7,Polyfit,29
815b6cb4-3b4c-4519-95fe-0fe9ebcdc9f7,CrossCorrelation,5
815b6cb4-3b4c-4519-95fe-0fe9ebcdc9f7,Multireg,16
d203d5e2-8110-4421-bdfa-7a16faedc78a,Polyfit,27
d203d5e2-8110-4421-bdfa-7a16faedc78a,CrossCorrelation,5
d203d5e2-8110-4421-bdfa-7a16faedc78a,Multireg,16
5e97e56c-0793-4635-aa76-2e05694fb72d,Polyfit,76
5e97e56c-0793-4635-aa76-2e05694fb72d,CrossCorrelation,15
5e97e56c-0793-4635-aa76-2e05694fb72d,Multireg,32
4610ebeb-0df1-4da1-b38c-c5941859cc9b,Polyfit,83
4610ebeb-0df1-4da1-b38c-c5941859cc9b,CrossCorrelation,16
4610ebeb-0df1-4da1-b38c-c5941859cc9b,Multireg,34
4758e996-f5c7-4477-ad8f-1d61607a2978,Polyfit,5
4758e996-f5c7-4477-ad8f-1d61607a2978,CrossCorrelation,2
4758e996-f5c7-4477-ad8f-1d61607a2978,Multireg,9
4b56dbbe-9b15-48ea-ac99-1432a5c175a2,Polyfit,8
4b56dbbe-9b15-48ea-ac99-1432a5c175a2,CrossCorrelation,2
4b56dbbe-9b15-48ea-ac99-1432a5c175a2,Multireg,9
bdd59de5-7eb2-4b2d-a682-c40c891f9e12,Polyfit,12
bdd59de5-7eb2-4b2d-a682-c40c891f9e12,CrossCorrelation,2
bdd59de5-7eb2-4b2d-a682-c40c891f9e12,Multireg,9
ebf9d556-b504-4e7c-99fc-7b8541c5976b,Polyfit,12
ebf9d556-b504-4e7c-99fc-7b8541c5976b,CrossCorrelation,2
ebf9d556-b504-4e7c-99fc-7b8541c5976b,Multireg,9
0eca3363-3b83-42f1-b950-d3d7baa5127d,Polyfit,13
0eca3363-3b83-42f1-b950-d3d7baa5127d,CrossCorrelation,2
0eca3363-3b83-42f1-b950-d3d7baa5127d,Multireg,9
e5174e58-a637-4e3d-b43a-8894a1f7bd2e,Polyfit,20
e5174e58-a637-4e3d-b43a-8894a1f7bd2e,CrossCorrelation,4
e5174e58-a637-4e3d-b43a-8894a1f7bd2e,Multireg,12
be5c79d2-a13d-4e86-a091-ef0eb6cb6a29,Polyfit,29
be5c79d2-a13d-4e86-a091-ef0eb6cb6a29,CrossCorrelation,4
be5c79d2-a13d-4e86-a091-ef0eb6cb6a29,Multireg,15
fc3a55a4-b4f7-40b4-9475-7466b54e1aa4,Polyfit,26
fc3a55a4-b4f7-40b4-9475-7466b54e1aa4,CrossCorrelation,4
fc3a55a4-b4f7-40b4-9475-7466b54e1aa4,Multireg,16
9e347152-d41c-4d9a-a73f-b648fe824e0e,Polyfit,30
9e347152-d41c-4d9a-a73f-b648fe824e0e,CrossCorrelation,6
9e347152-d41c-4d9a-a73f-b648fe824e0e,Multireg,25
ea891824-bf55-461c-bd4f-5402ab9b8d0b,Polyfit,76
ea891824-bf55-461c-bd4f-5402ab9b8d0b,CrossCorrelation,15
ea891824-bf55-461c-bd4f-5402ab9b8d0b,Multireg,32
67ed541f-99e8-40e7-a0ef-fa041575f386,Polyfit,93
67ed541f-99e8-40e7-a0ef-fa041575f386,CrossCorrelation,16
67ed541f-99e8-40e7-a0ef-fa041575f386,Multireg,34
28c1d46a-959d-4b54-88c1-5f63beb2c88a,Polyfit,5
28c1d46a-959d-4b54-88c1-5f63beb2c88a,CrossCorrelation,2
28c1d46a-959d-4b54-88c1-5f63beb2c88a,Multireg,9
71b943ab-a153-483e-a981-dfd39d5d0e6b,Polyfit,8
71b943ab-a153-483e-a981-dfd39d5d0e6b,CrossCorrelation,2
71b943ab-a153-483e-a981-dfd39d5d0e6b,Multireg,9
af39c91c-f3d5-4840-8234-1cbb89b65505,Polyfit,12
af39c91c-f3d5-4840-8234-1cbb89b65505,CrossCorrelation,2
af39c91c-f3d5-4840-8234-1cbb89b65505,Multireg,10
5030fa35-cb5f-42b2-b378-b97ed283b803,Polyfit,12
5030fa35-cb5f-42b2-b378-b97ed283b803,CrossCorrelation,2
5030fa35-cb5f-42b2-b378-b97ed283b803,Multireg,9
8ab04cd7-830c-4d5f-8289-b23dc6bb6991,Polyfit,13
8ab04cd7-830c-4d5f-8289-b23dc6bb6991,CrossCorrelation,2
8ab04cd7-830c-4d5f-8289-b23dc6bb6991,Multireg,9
e8afca6f-37cd-4558-b6ae-3821d5059b9c,Polyfit,20
e8afca6f-37cd-4558-b6ae-3821d5059b9c,CrossCorrelation,4
e8afca6f-37cd-4558-b6ae-3821d5059b9c,Multireg,11
2e78fcb6-c253-489e-975c-067806619fbf,Polyfit,23
2e78fcb6-c253-489e-975c-067806619fbf,CrossCorrelation,4
2e78fcb6-c253-489e-975c-067806619fbf,Multireg,15
1aacf98a-c5ba-4d77-bb7b-4237ef6470d0,Polyfit,26
1aacf98a-c5ba-4d77-bb7b-4237ef6470d0,CrossCorrelation,4
1aacf98a-c5ba-4d77-bb7b-4237ef6470d0,Multireg,16
fd300224-6319-4096-95ff-5e114690496d,Polyfit,27
fd300224-6319-4096-95ff-5e114690496d,CrossCorrelation,5
fd300224-6319-4096-95ff-5e114690496d,Multireg,16
d66a1856-0857-493d-868c-bfcc82fca010,Polyfit,75
d66a1856-0857-493d-868c-bfcc82fca010,CrossCorrelation,15
d66a1856-0857-493d-868c-bfcc82fca010,Multireg,32
c2bff600-3b1f-4a4c-8fbe-e622e2a58b5b,Polyfit,89
c2bff600-3b1f-4a4c-8fbe-e622e2a58b5b,CrossCorrelation,17
c2bff600-3b1f-4a4c-8fbe-e622e2a58b5b,Multireg,34
ea5eeab3-9257-4a12-9699-0b1eb10b8dd4,Polyfit,5
ea5eeab3-9257-4a12-9699-0b1eb10b8dd4,CrossCorrelation,2
ea5eeab3-9257-4a12-9699-0b1eb10b8dd4,Multireg,9
19cc5698-f70d-4f85-9c79-be40c990efe7,Polyfit,8
19cc5698-f70d-4f85-9c79-be40c990efe7,CrossCorrelation,2
19cc5698-f70d-4f85-9c79-be40c990efe7,Multireg,8
0e2819a8-0075-4407-a34f-a2ed4faecdf9,Polyfit,12
0e2819a8-0075-4407-a34f-a2ed4faecdf9,CrossCorrelation,2
0e2819a8-0075-4407-a34f-a2ed4faecdf9,Multireg,9
8091980d-66a6-4981-aa62-bf768f50588c,Polyfit,12
8091980d-66a6-4981-aa62-bf768f50588c,CrossCorrelation,2
8091980d-66a6-4981-aa62-bf768f50588c,Multireg,9
4b02d347-11d4-484e-8c0d-f99080bfa544,Polyfit,13
4b02d347-11d4-484e-8c0d-f99080bfa544,CrossCorrelation,2
4b02d347-11d4-484e-8c0d-f99080bfa544,Multireg,9
a758b5c6-5398-452f-a432-9390f41259c8,Polyfit,21
a758b5c6-5398-452f-a432-9390f41259c8,CrossCorrelation,4
a758b5c6-5398-452f-a432-9390f41259c8,Multireg,11
07904036-9166-4c6e-bf12-a845db210fba,Polyfit,24
07904036-9166-4c6e-bf12-a845db210fba,CrossCorrelation,4
07904036-9166-4c6e-bf12-a845db210fba,Multireg,15
c8992d1f-27dc-4d13-9c72-0f2934c02fbc,Polyfit,29
c8992d1f-27dc-4d13-9c72-0f2934c02fbc,CrossCorrelation,5
c8992d1f-27dc-4d13-9c72-0f2934c02fbc,Multireg,16
0edc0626-c846-4e82-aac0-9afe767cbe5a,Polyfit,27
0edc0626-c846-4e82-aac0-9afe767cbe5a,CrossCorrelation,5
0edc0626-c846-4e82-aac0-9afe767cbe5a,Multireg,16
c99eac54-3fcf-4dbe-bda3-7f7c9b85077d,Polyfit,75
c99eac54-3fcf-4dbe-bda3-7f7c9b85077d,CrossCorrelation,20
c99eac54-3fcf-4dbe-bda3-7f7c9b85077d,Multireg,32
ce1d9f25-55a5-4854-87ec-e72c0604a6d3,Polyfit,86
ce1d9f25-55a5-4854-87ec-e72c0604a6d3,CrossCorrelation,17
ce1d9f25-55a5-4854-87ec-e72c0604a6d3,Multireg,34
6d06bb6d-dda6-457d-ba06-f37bcccd411d,Polyfit,10
6d06bb6d-dda6-457d-ba06-f37bcccd411d,CrossCorrelation,4
6d06bb6d-dda6-457d-ba06-f37bcccd411d,Multireg,14
81fafd7e-4ecf-484f-8e5c-82a01c62dbaa,Polyfit,12
81fafd7e-4ecf-484f-8e5c-82a01c62dbaa,CrossCorrelation,5
81fafd7e-4ecf-484f-8e5c-82a01c62dbaa,Multireg,17
4c60d9de-b690-46a7-a196-6766a44755b9,Polyfit,12
4c60d9de-b690-46a7-a196-6766a44755b9,CrossCorrelation,5
4c60d9de-b690-46a7-a196-6766a44755b9,Multireg,17
97b6e623-8440-46df-9e92-ddea36c2b03b,Polyfit,23
97b6e623-8440-46df-9e92-ddea36c2b03b,CrossCorrelation,4
97b6e623-8440-46df-9e92-ddea36c2b03b,Multireg,14
f64e8b54-8e98-4fcb-8e81-e625e7592462,Polyfit,5
f64e8b54-8e98-4fcb-8e81-e625e7592462,CrossCorrelation,2
f64e8b54-8e98-4fcb-8e81-e625e7592462,Multireg,9
5071ac4a-7e3b-4f41-a19d-e646cc6184e6,Polyfit,30
5071ac4a-7e3b-4f41-a19d-e646cc6184e6,CrossCorrelation,5
5071ac4a-7e3b-4f41-a19d-e646cc6184e6,Multireg,19
669d2d98-b09c-4534-9bbe-8a90e98b74c1,Polyfit,6
669d2d98-b09c-4534-9bbe-8a90e98b74c1,CrossCorrelation,1
669d2d98-b09c-4534-9bbe-8a90e98b74c1,Multireg,3
976a1aa1-dfec-4b3d-99fb-04c44c22477c,Polyfit,5
8c60334b-a53e-496f-8863-3c2c240d2fc3,CrossCorrelation,3
2d1d8b77-8b67-46f0-a458-e69c730f073a,Multireg,11
dfa783e9-ff7b-4ca1-a2f0-257916823067,Multireg,11
dfa783e9-ff7b-4ca1-a2f0-257916823067,Polyfit,5
8f96c7af-6925-49bc-8c19-3df86610886f,Polyfit,5
8f96c7af-6925-49bc-8c19-3df86610886f,CrossCorrelation,2
8f96c7af-6925-49bc-8c19-3df86610886f,Multireg,10
ba9354fd-8e23-4160-8eb4-5c579be6bf95,Polyfit,8
ba9354fd-8e23-4160-8eb4-5c579be6bf95,CrossCorrelation,2
ba9354fd-8e23-4160-8eb4-5c579be6bf95,Multireg,10
64684e9f-53dc-4135-9701-293440418024,Polyfit,13
64684e9f-53dc-4135-9701-293440418024,CrossCorrelation,2
64684e9f-53dc-4135-9701-293440418024,Multireg,10
93d50598-5e8e-44c7-a884-073fc764d44e,Polyfit,13
93d50598-5e8e-44c7-a884-073fc764d44e,CrossCorrelation,2
93d50598-5e8e-44c7-a884-073fc764d44e,Multireg,10
5ead1432-b0a1-45cc-b43d-209c9cb0c40f,Polyfit,13
5ead1432-b0a1-45cc-b43d-209c9cb0c40f,CrossCorrelation,3
5ead1432-b0a1-45cc-b43d-209c9cb0c40f,Multireg,10
41ae9c3b-af9b-4795-8afe-3a403117a83c,Polyfit,21
41ae9c3b-af9b-4795-8afe-3a403117a83c,CrossCorrelation,4
41ae9c3b-af9b-4795-8afe-3a403117a83c,Multireg,13
63d5ae30-b2d7-41b0-81ee-2f90fc8c1cae,Polyfit,24
63d5ae30-b2d7-41b0-81ee-2f90fc8c1cae,CrossCorrelation,4
63d5ae30-b2d7-41b0-81ee-2f90fc8c1cae,Multireg,17
98f16b54-afcf-4a16-b4ff-cc62b9efdfba,Polyfit,25
98f16b54-afcf-4a16-b4ff-cc62b9efdfba,CrossCorrelation,5
98f16b54-afcf-4a16-b4ff-cc62b9efdfba,Multireg,17
d85c3a87-cecd-40be-a162-21a26a4f0678,Polyfit,26
d85c3a87-cecd-40be-a162-21a26a4f0678,CrossCorrelation,5
d85c3a87-cecd-40be-a162-21a26a4f0678,Multireg,23
edccd843-11bb-44fa-bc50-58dcabe12049,Polyfit,73
edccd843-11bb-44fa-bc50-58dcabe12049,CrossCorrelation,15
edccd843-11bb-44fa-bc50-58dcabe12049,Multireg,33
954bfdfd-a3dc-4048-9b0c-d87f6146e4e2,Polyfit,89
954bfdfd-a3dc-4048-9b0c-d87f6146e4e2,CrossCorrelation,17
954bfdfd-a3dc-4048-9b0c-d87f6146e4e2,Multireg,36
a3655c5c-395b-4132-afbf-000bb4833a21,Polyfit,6
a3655c5c-395b-4132-afbf-000bb4833a21,CrossCorrelation,2
a3655c5c-395b-4132-afbf-000bb4833a21,Multireg,10
420abcf0-a307-4839-b8dd-c5457f401366,Polyfit,9
420abcf0-a307-4839-b8dd-c5457f401366,CrossCorrelation,2
420abcf0-a307-4839-b8dd-c5457f401366,Multireg,10
305fd8bf-13f9-43ad-8461-7e125d3c4a7f,Polyfit,12
305fd8bf-13f9-43ad-8461-7e125d3c4a7f,CrossCorrelation,2
305fd8bf-13f9-43ad-8461-7e125d3c4a7f,Multireg,10
b06ec386-06bd-4da5-a10c-076125e785b9,Polyfit,13
b06ec386-06bd-4da5-a10c-076125e785b9,CrossCorrelation,2
b06ec386-06bd-4da5-a10c-076125e785b9,Multireg,10
86ab5375-b465-4874-b785-7ec1ff8ab568,Polyfit,13
86ab5375-b465-4874-b785-7ec1ff8ab568,CrossCorrelation,3
86ab5375-b465-4874-b785-7ec1ff8ab568,Multireg,10
e27d748b-efb4-423f-88ea-ea3ec592315d,Polyfit,22
e27d748b-efb4-423f-88ea-ea3ec592315d,CrossCorrelation,4
e27d748b-efb4-423f-88ea-ea3ec592315d,Multireg,13
ed8ef9ce-83bf-438b-b96c-f4b6a2575989,Polyfit,25
ed8ef9ce-83bf-438b-b96c-f4b6a2575989,CrossCorrelation,4
ed8ef9ce-83bf-438b-b96c-f4b6a2575989,Multireg,17
3095c9dc-033e-4f0d-98c7-a4ff36d75219,Polyfit,28
3095c9dc-033e-4f0d-98c7-a4ff36d75219,CrossCorrelation,5
3095c9dc-033e-4f0d-98c7-a4ff36d75219,Multireg,17
bc6c5bdb-88a0-4ae7-9876-0ce9ea7f6eaa,Polyfit,28
bc6c5bdb-88a0-4ae7-9876-0ce9ea7f6eaa,CrossCorrelation,5
bc6c5bdb-88a0-4ae7-9876-0ce9ea7f6eaa,Multireg,18
a4256faa-c0a2-4d0a-b3f7-ebe6e5ab3ff8,Polyfit,74
a4256faa-c0a2-4d0a-b3f7-ebe6e5ab3ff8,CrossCorrelation,15
a4256faa-c0a2-4d0a-b3f7-ebe6e5ab3ff8,Multireg,33
363f3a03-e8aa-4c02-b21a-99ee7a78e7c2,Polyfit,84
363f3a03-e8aa-4c02-b21a-99ee7a78e7c2,CrossCorrelation,17
363f3a03-e8aa-4c02-b21a-99ee7a78e7c2,Multireg,36
c3367667-ded1-43dd-8e3e-95ddc0a0dc00,Polyfit,5
c3367667-ded1-43dd-8e3e-95ddc0a0dc00,CrossCorrelation,2
c3367667-ded1-43dd-8e3e-95ddc0a0dc00,Multireg,12
4f7cef8e-607a-4fdc-ba6d-e4d31617f034,Polyfit,8
4f7cef8e-607a-4fdc-ba6d-e4d31617f034,CrossCorrelation,2
4f7cef8e-607a-4fdc-ba6d-e4d31617f034,Multireg,10
f37f6726-fb51-40b0-b85c-a2adbf5db766,Polyfit,12
f37f6726-fb51-40b0-b85c-a2adbf5db766,CrossCorrelation,2
f37f6726-fb51-40b0-b85c-a2adbf5db766,Multireg,10
a9712745-ffed-423f-b21a-7e171fb0e900,Polyfit,13
a9712745-ffed-423f-b21a-7e171fb0e900,CrossCorrelation,2
a9712745-ffed-423f-b21a-7e171fb0e900,Multireg,10
3072293d-9b70-4840-9e04-f3045fc2335c,Polyfit,13
3072293d-9b70-4840-9e04-f3045fc2335c,CrossCorrelation,3
3072293d-9b70-4840-9e04-f3045fc2335c,Multireg,10
e432e316-f292-4f59-81fc-10d6f966ee50,Polyfit,20
e432e316-f292-4f59-81fc-10d6f966ee50,CrossCorrelation,4
e432e316-f292-4f59-81fc-10d6f966ee50,Multireg,13
4458649a-0348-448c-883c-b70e8510b09c,Polyfit,24
4458649a-0348-448c-883c-b70e8510b09c,CrossCorrelation,5
4458649a-0348-448c-883c-b70e8510b09c,Multireg,17
ef335dfc-5045-4ae7-ac81-9520ddc437e6,Polyfit,26
ef335dfc-5045-4ae7-ac81-9520ddc437e6,CrossCorrelation,5
ef335dfc-5045-4ae7-ac81-9520ddc437e6,Multireg,17
a26c6648-ba49-4cb8-a6bc-839cbfa95913,Polyfit,28
a26c6648-ba49-4cb8-a6bc-839cbfa95913,CrossCorrelation,5
a26c6648-ba49-4cb8-a6bc-839cbfa95913,Multireg,18
0966a935-aea9-4b11-a148-4f9d7a6d27ef,Polyfit,76
0966a935-aea9-4b11-a148-4f9d7a6d27ef,CrossCorrelation,15
0966a935-aea9-4b11-a148-4f9d7a6d27ef,Multireg,34
62df74f3-c10f-4999-8370-b42159e6835f,Polyfit,86
62df74f3-c10f-4999-8370-b42159e6835f,CrossCorrelation,17
62df74f3-c10f-4999-8370-b42159e6835f,Multireg,35
304f18de-d7e8-43e2-aa49-f321f9dd554e,Polyfit,5
304f18de-d7e8-43e2-aa49-f321f9dd554e,CrossCorrelation,2
304f18de-d7e8-43e2-aa49-f321f9dd554e,Multireg,10
a48f573d-dc2e-417f-9390-8f7ef92e76c1,Polyfit,8
a48f573d-dc2e-417f-9390-8f7ef92e76c1,CrossCorrelation,2
a48f573d-dc2e-417f-9390-8f7ef92e76c1,Multireg,10
9202b7b0-ecef-4801-b8ed-07efbf9e94a3,Polyfit,14
9202b7b0-ecef-4801-b8ed-07efbf9e94a3,CrossCorrelation,2
9202b7b0-ecef-4801-b8ed-07efbf9e94a3,Multireg,10
e999ab4d-7f7e-4c15-ac06-48301a123252,Polyfit,13
e999ab4d-7f7e-4c15-ac06-48301a123252,CrossCorrelation,2
e999ab4d-7f7e-4c15-ac06-48301a123252,Multireg,11
d6fedfa5-46d0-4033-a760-4031b3917541,Polyfit,13
d6fedfa5-46d0-4033-a760-4031b3917541,CrossCorrelation,3
d6fedfa5-46d0-4033-a760-4031b3917541,Multireg,10
114f6566-a94c-42b3-ae2f-7df044c0b8ef,Polyfit,21
114f6566-a94c-42b3-ae2f-7df044c0b8ef,CrossCorrelation,4
114f6566-a94c-42b3-ae2f-7df044c0b8ef,Multireg,12
879dad82-745e-4d64-a2fd-4a06275a4b0f,Polyfit,25
879dad82-745e-4d64-a2fd-4a06275a4b0f,CrossCorrelation,5
879dad82-745e-4d64-a2fd-4a06275a4b0f,Multireg,17
9bbd6cc5-7378-4112-a997-68768d7a8e75,Polyfit,25
9bbd6cc5-7378-4112-a997-68768d7a8e75,CrossCorrelation,5
9bbd6cc5-7378-4112-a997-68768d7a8e75,Multireg,17
b1875c08-cdca-4cf5-956a-b1eef45b2916,Polyfit,26
b1875c08-cdca-4cf5-956a-b1eef45b2916,CrossCorrelation,5
b1875c08-cdca-4cf5-956a-b1eef45b2916,Multireg,18
86cf50f9-d17a-4656-9c4e-ec7c3d73ae7c,Polyfit,73
86cf50f9-d17a-4656-9c4e-ec7c3d73ae7c,CrossCorrelation,15
86cf50f9-d17a-4656-9c4e-ec7c3d73ae7c,Multireg,33
3b5dc7a2-f804-4126-bf28-c4b7deb90add,Polyfit,84
3b5dc7a2-f804-4126-bf28-c4b7deb90add,CrossCorrelation,17
3b5dc7a2-f804-4126-bf28-c4b7deb90add,Multireg,36
00d7664c-183e-47bc-a4ff-1eab58c97a12,Polyfit,6
00d7664c-183e-47bc-a4ff-1eab58c97a12,CrossCorrelation,2
00d7664c-183e-47bc-a4ff-1eab58c97a12,Multireg,11
3970bc25-7b56-43f0-b61a-607fb7c586e6,Polyfit,8
3970bc25-7b56-43f0-b61a-607fb7c586e6,CrossCorrelation,2
3970bc25-7b56-43f0-b61a-607fb7c586e6,Multireg,10
f047a602-db0b-4758-a07f-95a29c0ddad3,Polyfit,12
f047a602-db0b-4758-a07f-95a29c0ddad3,CrossCorrelation,2
f047a602-db0b-4758-a07f-95a29c0ddad3,Multireg,10
4a923fce-7ae6-4cb8-a2b4-db0ad3801f47,Polyfit,12
4a923fce-7ae6-4cb8-a2b4-db0ad3801f47,CrossCorrelation,2
4a923fce-7ae6-4cb8-a2b4-db0ad3801f47,Multireg,10
5b12b49d-3e74-4662-9c49-7c77f7cbc116,Polyfit,13
5b12b49d-3e74-4662-9c49-7c77f7cbc116,CrossCorrelation,3
5b12b49d-3e74-4662-9c49-7c77f7cbc116,Multireg,10
494229e7-5998-4a6b-86f3-edbd82386ec9,Polyfit,21
494229e7-5998-4a6b-86f3-edbd82386ec9,CrossCorrelation,4
494229e7-5998-4a6b-86f3-edbd82386ec9,Multireg,13
466da651-6e64-4696-8ea1-0c55cb8f303f,Polyfit,24
466da651-6e64-4696-8ea1-0c55cb8f303f,CrossCorrelation,5
466da651-6e64-4696-8ea1-0c55cb8f303f,Multireg,17
d0508c11-fdc4-41fb-89ae-f3608cb31678,Polyfit,26
d0508c11-fdc4-41fb-89ae-f3608cb31678,CrossCorrelation,5
d0508c11-fdc4-41fb-89ae-f3608cb31678,Multireg,17
42de34f2-917e-4745-87bf-0848075b02d2,Polyfit,27
42de34f2-917e-4745-87bf-0848075b02d2,CrossCorrelation,5
42de34f2-917e-4745-87bf-0848075b02d2,Multireg,18
af945502-6672-438b-8f47-a2214a269b61,Polyfit,77
af945502-6672-438b-8f47-a2214a269b61,CrossCorrelation,15
af945502-6672-438b-8f47-a2214a269b61,Multireg,33
2ac5bc8e-b13b-44e7-a15a-04a79a7c804b,Polyfit,83
2ac5bc8e-b13b-44e7-a15a-04a79a7c804b,CrossCorrelation,17
2ac5bc8e-b13b-44e7-a15a-04a79a7c804b,Multireg,35
20c952f3-7ac8-44d0-a5c3-36470903f74e,Polyfit,6
20c952f3-7ac8-44d0-a5c3-36470903f74e,CrossCorrelation,2
20c952f3-7ac8-44d0-a5c3-36470903f74e,Multireg,10
4a800643-f3de-45f4-ae43-b6afbd9c5e75,Polyfit,12
4a800643-f3de-45f4-ae43-b6afbd9c5e75,CrossCorrelation,4
4a800643-f3de-45f4-ae43-b6afbd9c5e75,Multireg,11
928df2a6-5ac9-44da-8648-9ea893260797,Polyfit,13
928df2a6-5ac9-44da-8648-9ea893260797,CrossCorrelation,2
928df2a6-5ac9-44da-8648-9ea893260797,Multireg,10
1925ba77-d6ff-4aa2-9c4b-5eefd7b20040,Polyfit,13
1925ba77-d6ff-4aa2-9c4b-5eefd7b20040,CrossCorrelation,2
1925ba77-d6ff-4aa2-9c4b-5eefd7b20040,Multireg,10
6a9d0850-9c25-4aa2-8adb-97cff2d4418b,Polyfit,13
6a9d0850-9c25-4aa2-8adb-97cff2d4418b,CrossCorrelation,3
6a9d0850-9c25-4aa2-8adb-97cff2d4418b,Multireg,10
75fc8fa4-fac2-4e9d-9753-b9e54089825a,Polyfit,21
75fc8fa4-fac2-4e9d-9753-b9e54089825a,CrossCorrelation,4
75fc8fa4-fac2-4e9d-9753-b9e54089825a,Multireg,13
595a8aaa-5653-46ef-aba4-251bdae40cab,Polyfit,25
595a8aaa-5653-46ef-aba4-251bdae40cab,CrossCorrelation,4
595a8aaa-5653-46ef-aba4-251bdae40cab,Multireg,21
075a9db2-7059-4cb2-82fd-c2b3b63e2bf8,Polyfit,26
075a9db2-7059-4cb2-82fd-c2b3b63e2bf8,CrossCorrelation,5
075a9db2-7059-4cb2-82fd-c2b3b63e2bf8,Multireg,27
b1d680ed-4afd-4c7a-b701-a146ac245ac6,Polyfit,27
b1d680ed-4afd-4c7a-b701-a146ac245ac6,CrossCorrelation,5
b1d680ed-4afd-4c7a-b701-a146ac245ac6,Multireg,18
e9d5738f-7fde-4cae-a5fb-5f8e2149835a,Polyfit,77
e9d5738f-7fde-4cae-a5fb-5f8e2149835a,CrossCorrelation,15
e9d5738f-7fde-4cae-a5fb-5f8e2149835a,Multireg,33
eed94015-09d1-4e12-a34e-836c85163d28,Polyfit,86
eed94015-09d1-4e12-a34e-836c85163d28,CrossCorrelation,17
eed94015-09d1-4e12-a34e-836c85163d28,Multireg,36
4ead208d-f69a-4481-9f63-232c07d2b190,Polyfit,6
4ead208d-f69a-4481-9f63-232c07d2b190,CrossCorrelation,2
4ead208d-f69a-4481-9f63-232c07d2b190,Multireg,12
b1f433d4-6a1c-4f5c-9b01-037438ba147d,Polyfit,8
b1f433d4-6a1c-4f5c-9b01-037438ba147d,CrossCorrelation,2
b1f433d4-6a1c-4f5c-9b01-037438ba147d,Multireg,10
fbad82a3-cd9f-419d-89f8-89fe8c7e140e,Polyfit,12
fbad82a3-cd9f-419d-89f8-89fe8c7e140e,CrossCorrelation,2
fbad82a3-cd9f-419d-89f8-89fe8c7e140e,Multireg,10
000f7c93-bac1-4da9-8038-40c9cdd96d39,Polyfit,13
000f7c93-bac1-4da9-8038-40c9cdd96d39,CrossCorrelation,2
000f7c93-bac1-4da9-8038-40c9cdd96d39,Multireg,10
a19b2488-4b90-474f-a58d-ff40289d56cb,Polyfit,13
a19b2488-4b90-474f-a58d-ff40289d56cb,CrossCorrelation,3
a19b2488-4b90-474f-a58d-ff40289d56cb,Multireg,10
3812cc62-82aa-4048-b6d0-5d25764689fe,Polyfit,21
3812cc62-82aa-4048-b6d0-5d25764689fe,CrossCorrelation,4
3812cc62-82aa-4048-b6d0-5d25764689fe,Multireg,13
e7bf44e1-7290-4de2-a00f-d827b4159bd4,Polyfit,27
e7bf44e1-7290-4de2-a00f-d827b4159bd4,CrossCorrelation,4
e7bf44e1-7290-4de2-a00f-d827b4159bd4,Multireg,17
60fcceeb-afe5-4629-9e7f-6650ef9890db,Polyfit,26
60fcceeb-afe5-4629-9e7f-6650ef9890db,CrossCorrelation,5
60fcceeb-afe5-4629-9e7f-6650ef9890db,Multireg,17
9ba61206-826e-4cfa-b537-b613d98a0fca,Polyfit,28
9ba61206-826e-4cfa-b537-b613d98a0fca,CrossCorrelation,5
9ba61206-826e-4cfa-b537-b613d98a0fca,Multireg,24
51ae360c-5598-4f1f-8fe3-e01009ed1744,Polyfit,79
51ae360c-5598-4f1f-8fe3-e01009ed1744,CrossCorrelation,15
51ae360c-5598-4f1f-8fe3-e01009ed1744,Multireg,33
fce1e949-5703-4bfe-a970-b9e714ba635f,Polyfit,83
fce1e949-5703-4bfe-a970-b9e714ba635f,CrossCorrelation,17
fce1e949-5703-4bfe-a970-b9e714ba635f,Multireg,36
f0114131-46aa-4be7-a3fb-6ddd2e5fa8c1,Polyfit,5
f0114131-46aa-4be7-a3fb-6ddd2e5fa8c1,CrossCorrelation,2
f0114131-46aa-4be7-a3fb-6ddd2e5fa8c1,Multireg,10
fc91465a-82ff-416f-a90c-57abb61367cc,Polyfit,8
fc91465a-82ff-416f-a90c-57abb61367cc,CrossCorrelation,2
fc91465a-82ff-416f-a90c-57abb61367cc,Multireg,10
cf5eb597-9406-4a06-9166-074e298900ab,Polyfit,12
cf5eb597-9406-4a06-9166-074e298900ab,CrossCorrelation,2
cf5eb597-9406-4a06-9166-074e298900ab,Multireg,10
9d02223d-0c68-4e09-a1a1-85b77d3b156a,Polyfit,15
9d02223d-0c68-4e09-a1a1-85b77d3b156a,CrossCorrelation,2
9d02223d-0c68-4e09-a1a1-85b77d3b156a,Multireg,10
e8bd6ec9-ec9f-4ca3-a1f9-886acdfb3cc4,Polyfit,13
e8bd6ec9-ec9f-4ca3-a1f9-886acdfb3cc4,CrossCorrelation,3
e8bd6ec9-ec9f-4ca3-a1f9-886acdfb3cc4,Multireg,10
6af8d9bc-9a73-478e-9103-573e032029f6,Polyfit,21
6af8d9bc-9a73-478e-9103-573e032029f6,CrossCorrelation,4
6af8d9bc-9a73-478e-9103-573e032029f6,Multireg,13
8f7667d7-2550-4fc0-9f4a-2d1b4d8bd1a4,Polyfit,24
8f7667d7-2550-4fc0-9f4a-2d1b4d8bd1a4,CrossCorrelation,4
8f7667d7-2550-4fc0-9f4a-2d1b4d8bd1a4,Multireg,17
1cfecdd5-4366-4d59-96e0-a0bfadae1220,Polyfit,26
1cfecdd5-4366-4d59-96e0-a0bfadae1220,CrossCorrelation,5
1cfecdd5-4366-4d59-96e0-a0bfadae1220,Multireg,17
cace09d5-de3c-479c-bb15-85313e0d69f8,Polyfit,28
cace09d5-de3c-479c-bb15-85313e0d69f8,CrossCorrelation,5
cace09d5-de3c-479c-bb15-85313e0d69f8,Multireg,18
d7b3ac3e-6c87-4b8d-ba98-d26085467f98,Polyfit,78
d7b3ac3e-6c87-4b8d-ba98-d26085467f98,CrossCorrelation,15
d7b3ac3e-6c87-4b8d-ba98-d26085467f98,Multireg,33
4b360f53-4eb3-40ff-b253-b84de54b172e,Polyfit,85
4b360f53-4eb3-40ff-b253-b84de54b172e,CrossCorrelation,17
4b360f53-4eb3-40ff-b253-b84de54b172e,Multireg,36
408ce7f3-cdb2-477e-8f8b-f26d2cf3562a,Polyfit,6
408ce7f3-cdb2-477e-8f8b-f26d2cf3562a,CrossCorrelation,2
408ce7f3-cdb2-477e-8f8b-f26d2cf3562a,Multireg,10
9a19022d-6c5a-4421-ad0b-e26d57961664,Polyfit,9
9a19022d-6c5a-4421-ad0b-e26d57961664,CrossCorrelation,2
9a19022d-6c5a-4421-ad0b-e26d57961664,Multireg,10
ff268c6b-65b1-4f0a-8782-43cce21f14fc,Polyfit,13
ff268c6b-65b1-4f0a-8782-43cce21f14fc,CrossCorrelation,2
ff268c6b-65b1-4f0a-8782-43cce21f14fc,Multireg,10
8239768f-b1d0-4de4-acb1-c0083769f866,Polyfit,12
8239768f-b1d0-4de4-acb1-c0083769f866,CrossCorrelation,2
8239768f-b1d0-4de4-acb1-c0083769f866,Multireg,10
5a6c67b0-c738-4d53-b211-10fa2c768d4a,Polyfit,13
5a6c67b0-c738-4d53-b211-10fa2c768d4a,CrossCorrelation,3
5a6c67b0-c738-4d53-b211-10fa2c768d4a,Multireg,10
3c712693-bc13-4ee9-b32b-db8864b33420,Polyfit,21
3c712693-bc13-4ee9-b32b-db8864b33420,CrossCorrelation,4
3c712693-bc13-4ee9-b32b-db8864b33420,Multireg,13
957250e3-7e4a-460e-bf9a-bc4a8f5d2ef7,Polyfit,25
957250e3-7e4a-460e-bf9a-bc4a8f5d2ef7,CrossCorrelation,4
957250e3-7e4a-460e-bf9a-bc4a8f5d2ef7,Multireg,17
bfa29a08-610d-461e-938e-f00ea2599a80,Polyfit,26
bfa29a08-610d-461e-938e-f00ea2599a80,CrossCorrelation,5
bfa29a08-610d-461e-938e-f00ea2599a80,Multireg,17
fe44381d-c43e-43f6-ac71-11bd93153fbd,Polyfit,29
fe44381d-c43e-43f6-ac71-11bd93153fbd,CrossCorrelation,5
fe44381d-c43e-43f6-ac71-11bd93153fbd,Multireg,18
31a7851c-d194-4d29-8b13-88c7819ff29e,Polyfit,74
31a7851c-d194-4d29-8b13-88c7819ff29e,CrossCorrelation,15
31a7851c-d194-4d29-8b13-88c7819ff29e,Multireg,33
7028e14e-73e7-487c-9588-3e1a4e520ff3,Polyfit,86
7028e14e-73e7-487c-9588-3e1a4e520ff3,CrossCorrelation,17
7028e14e-73e7-487c-9588-3e1a4e520ff3,Multireg,36
463439c4-49fc-42e5-b5b5-0cf5ee5bb369,Polyfit,7
463439c4-49fc-42e5-b5b5-0cf5ee5bb369,CrossCorrelation,2
463439c4-49fc-42e5-b5b5-0cf5ee5bb369,Multireg,10
7e73d84c-441c-4aa6-bb9c-2318b539fb60,Polyfit,8
7e73d84c-441c-4aa6-bb9c-2318b539fb60,CrossCorrelation,2
7e73d84c-441c-4aa6-bb9c-2318b539fb60,Multireg,10
2c498b6c-db01-45dd-b940-d5c4476da62d,Polyfit,12
2c498b6c-db01-45dd-b940-d5c4476da62d,CrossCorrelation,2
2c498b6c-db01-45dd-b940-d5c4476da62d,Multireg,10
3c5a0a2c-f76d-4bc3-801b-030906c27f5c,Polyfit,13
3c5a0a2c-f76d-4bc3-801b-030906c27f5c,CrossCorrelation,2
3c5a0a2c-f76d-4bc3-801b-030906c27f5c,Multireg,11
d4833f58-26e8-48e5-9548-50915b1d6202,Polyfit,15
d4833f58-26e8-48e5-9548-50915b1d6202,CrossCorrelation,3
d4833f58-26e8-48e5-9548-50915b1d6202,Multireg,10
904c1d14-a630-486f-968c-af695139da1a,Polyfit,21
904c1d14-a630-486f-968c-af695139da1a,CrossCorrelation,4
904c1d14-a630-486f-968c-af695139da1a,Multireg,13
138b1e5e-fe2f-4879-8bd2-a925ccf7f2d7,Polyfit,25
138b1e5e-fe2f-4879-8bd2-a925ccf7f2d7,CrossCorrelation,5
138b1e5e-fe2f-4879-8bd2-a925ccf7f2d7,Multireg,17
83b61701-b09b-43ef-9678-8c558c760f34,Polyfit,25
83b61701-b09b-43ef-9678-8c558c760f34,CrossCorrelation,5
83b61701-b09b-43ef-9678-8c558c760f34,Multireg,17
6a9c13ef-9702-40a0-a486-1c10d680df24,Polyfit,27
6a9c13ef-9702-40a0-a486-1c10d680df24,CrossCorrelation,5
6a9c13ef-9702-40a0-a486-1c10d680df24,Multireg,17
d4ab32c6-d69e-4f1b-a4f2-fb28f01578a5,Polyfit,76
d4ab32c6-d69e-4f1b-a4f2-fb28f01578a5,CrossCorrelation,15
d4ab32c6-d69e-4f1b-a4f2-fb28f01578a5,Multireg,33
385e2fe4-3335-4197-88de-35e483a4c14d,Polyfit,87
385e2fe4-3335-4197-88de-35e483a4c14d,CrossCorrelation,17
385e2fe4-3335-4197-88de-35e483a4c14d,Multireg,36
6050ca61-cd51-4db6-b1ed-7a1659a89e50,Polyfit,10
6050ca61-cd51-4db6-b1ed-7a1659a89e50,CrossCorrelation,4
6050ca61-cd51-4db6-b1ed-7a1659a89e50,Multireg,16
9e2d6d01-23c2-4f9a-ae4d-acd9fd44ca6b,Polyfit,13
9e2d6d01-23c2-4f9a-ae4d-acd9fd44ca6b,CrossCorrelation,6
9e2d6d01-23c2-4f9a-ae4d-acd9fd44ca6b,Multireg,20
ea8868f6-5cb4-4833-ae00-cdf4e0cefbca,Polyfit,13
ea8868f6-5cb4-4833-ae00-cdf4e0cefbca,CrossCorrelation,5
ea8868f6-5cb4-4833-ae00-cdf4e0cefbca,Multireg,19
9a0e79c0-591e-4db7-8308-39f2e759cde7,Polyfit,24
9a0e79c0-591e-4db7-8308-39f2e759cde7,CrossCorrelation,4
9a0e79c0-591e-4db7-8308-39f2e759cde7,Multireg,19
6ec2cf24-0598-4d6c-bfcf-8bed45088079,Polyfit,6
6ec2cf24-0598-4d6c-bfcf-8bed45088079,CrossCorrelation,2
6ec2cf24-0598-4d6c-bfcf-8bed45088079,Multireg,10
